[
  {
    "id_penyelenggara": "810045",
    "id_pinjaman": "3096",
    "id_borrower": "36964",
    "id_transaksi": "157980",
    "id_pembayaran": "2",
    "tgl_jatuh_tempo": "2020-10-07 13:18:08",
    "tgl_jatuh_tempo_selanjutnya": "2020-10-07 13:18:08",
    "sisa_pinjaman_berjalan": -640160,
    "id_status_pinjaman": 1,
    "nilai_pembayaran": "104040"
  },
  {
    "id_penyelenggara": "810045",
    "id_pinjaman": "3096",
    "id_borrower": "36964",
    "id_transaksi": "157980",
    "id_pembayaran": "3",
    "tgl_jatuh_tempo": "2020-10-07 13:18:08",
    "tgl_jatuh_tempo_selanjutnya": "2020-10-07 13:18:08",
    "sisa_pinjaman_berjalan": -640160,
    "id_status_pinjaman": 1,
    "nilai_pembayaran": "10000"
  },
  {
    "id_penyelenggara": "810045",
    "id_pinjaman": "3096",
    "id_borrower": "36964",
    "id_transaksi": "157980",
    "id_pembayaran": "4",
    "tgl_jatuh_tempo": "2020-10-07 13:18:08",
    "tgl_jatuh_tempo_selanjutnya": "2020-10-07 13:18:08",
    "sisa_pinjaman_berjalan": -640160,
    "id_status_pinjaman": 1,
    "nilai_pembayaran": "10000"
  },
  {
    "id_penyelenggara": "810045",
    "id_pinjaman": "3096",
    "id_borrower": "36964",
    "id_transaksi": "157980",
    "id_pembayaran": "5",
    "tgl_jatuh_tempo": "2020-10-07 13:18:08",
    "tgl_jatuh_tempo_selanjutnya": "2020-10-07 13:18:08",
    "sisa_pinjaman_berjalan": -640160,
    "id_status_pinjaman": 1,
    "nilai_pembayaran": "10000"
  },
  {
    "id_penyelenggara": "810045",
    "id_pinjaman": "3096",
    "id_borrower": "36964",
    "id_transaksi": "157980",
    "id_pembayaran": "6",
    "tgl_jatuh_tempo": "2020-10-07 13:18:08",
    "tgl_jatuh_tempo_selanjutnya": "2020-10-07 13:18:08",
    "sisa_pinjaman_berjalan": -640160,
    "id_status_pinjaman": 1,
    "nilai_pembayaran": "20000"
  },
  {
    "id_penyelenggara": "810045",
    "id_pinjaman": "3226",
    "id_borrower": "25101",
    "id_transaksi": "171990",
    "id_pembayaran": "10",
    "tgl_jatuh_tempo": "2020-10-16 11:39:49",
    "tgl_jatuh_tempo_selanjutnya": "2020-10-16 11:39:49",
    "sisa_pinjaman_berjalan": -833104068,
    "id_status_pinjaman": 1,
    "nilai_pembayaran": "47287940"
  },
  {
    "id_penyelenggara": "810045",
    "id_pinjaman": "3224",
    "id_borrower": "25101",
    "id_transaksi": "171991",
    "id_pembayaran": "11",
    "tgl_jatuh_tempo": "2020-10-16 11:39:27",
    "tgl_jatuh_tempo_selanjutnya": "2020-10-16 11:39:27",
    "sisa_pinjaman_berjalan": -296460416,
    "id_status_pinjaman": 1,
    "nilai_pembayaran": "42251900"
  },
  {
    "id_penyelenggara": "810045",
    "id_pinjaman": "3224",
    "id_borrower": "25101",
    "id_transaksi": "171991",
    "id_pembayaran": "12",
    "tgl_jatuh_tempo": "2020-10-16 11:39:27",
    "tgl_jatuh_tempo_selanjutnya": "2020-10-16 11:39:27",
    "sisa_pinjaman_berjalan": -296460416,
    "id_status_pinjaman": 1,
    "nilai_pembayaran": "10001"
  },
  {
    "id_penyelenggara": "810045",
    "id_pinjaman": "2414",
    "id_borrower": "35425",
    "id_transaksi": "77033",
    "id_pembayaran": "13",
    "tgl_jatuh_tempo": "2020-08-26 16:27:22",
    "tgl_jatuh_tempo_selanjutnya": "2020-08-26 16:27:22",
    "sisa_pinjaman_berjalan": -271162384,
    "id_status_pinjaman": 1,
    "nilai_pembayaran": "2460000"
  },
  {
    "id_penyelenggara": "810045",
    "id_pinjaman": "2802",
    "id_borrower": "36621",
    "id_transaksi": "77273",
    "id_pembayaran": "15",
    "tgl_jatuh_tempo": "2021-01-02 14:36:37",
    "tgl_jatuh_tempo_selanjutnya": "2021-01-02 14:36:37",
    "sisa_pinjaman_berjalan": -20952444,
    "id_status_pinjaman": 1,
    "nilai_pembayaran": "20090889"
  },
  {
    "id_penyelenggara": "810045",
    "id_pinjaman": "2688",
    "id_borrower": "36254",
    "id_transaksi": "77197",
    "id_pembayaran": "16",
    "tgl_jatuh_tempo": "2020-11-25 15:31:23",
    "tgl_jatuh_tempo_selanjutnya": "2020-11-25 15:31:23",
    "sisa_pinjaman_berjalan": -652562825,
    "id_status_pinjaman": 1,
    "nilai_pembayaran": "19153889"
  },
  {
    "id_penyelenggara": "810045",
    "id_pinjaman": "2687",
    "id_borrower": "35313",
    "id_transaksi": "77198",
    "id_pembayaran": "17",
    "tgl_jatuh_tempo": "2020-11-25 15:32:23",
    "tgl_jatuh_tempo_selanjutnya": "2020-11-25 15:32:23",
    "sisa_pinjaman_berjalan": -91187355,
    "id_status_pinjaman": 1,
    "nilai_pembayaran": "10800000"
  },
  {
    "id_penyelenggara": "810045",
    "id_pinjaman": "2686",
    "id_borrower": "35408",
    "id_transaksi": "77200",
    "id_pembayaran": "18",
    "tgl_jatuh_tempo": "2020-11-25 15:34:39",
    "tgl_jatuh_tempo_selanjutnya": "2020-11-25 15:34:39",
    "sisa_pinjaman_berjalan": -262250510,
    "id_status_pinjaman": 1,
    "nilai_pembayaran": "10115000"
  },
  {
    "id_penyelenggara": "810045",
    "id_pinjaman": "2687",
    "id_borrower": "35313",
    "id_transaksi": "77198",
    "id_pembayaran": "19",
    "tgl_jatuh_tempo": "2020-11-25 15:32:23",
    "tgl_jatuh_tempo_selanjutnya": "2020-11-25 15:32:23",
    "sisa_pinjaman_berjalan": -91187355,
    "id_status_pinjaman": 1,
    "nilai_pembayaran": "5085000"
  },
  {
    "id_penyelenggara": "810045",
    "id_pinjaman": "2416",
    "id_borrower": "35427",
    "id_transaksi": "77034",
    "id_pembayaran": "20",
    "tgl_jatuh_tempo": "2020-08-26 16:28:08",
    "tgl_jatuh_tempo_selanjutnya": "2020-08-26 16:28:08",
    "sisa_pinjaman_berjalan": -278777664,
    "id_status_pinjaman": 1,
    "nilai_pembayaran": "1098000"
  },
  {
    "id_penyelenggara": "810045",
    "id_pinjaman": "2417",
    "id_borrower": "35428",
    "id_transaksi": "77035",
    "id_pembayaran": "21",
    "tgl_jatuh_tempo": "2020-08-26 16:28:48",
    "tgl_jatuh_tempo_selanjutnya": "2020-08-26 16:28:48",
    "sisa_pinjaman_berjalan": -311704944,
    "id_status_pinjaman": 1,
    "nilai_pembayaran": "1539000"
  },
  {
    "id_penyelenggara": "810045",
    "id_pinjaman": "2694",
    "id_borrower": "35318",
    "id_transaksi": "77190",
    "id_pembayaran": "22",
    "tgl_jatuh_tempo": "2020-11-25 15:24:13",
    "tgl_jatuh_tempo_selanjutnya": "2020-11-25 15:24:13",
    "sisa_pinjaman_berjalan": -484326342,
    "id_status_pinjaman": 1,
    "nilai_pembayaran": "10155000"
  },
  {
    "id_penyelenggara": "810045",
    "id_pinjaman": "2694",
    "id_borrower": "35318",
    "id_transaksi": "77190",
    "id_pembayaran": "23",
    "tgl_jatuh_tempo": "2020-11-25 15:24:13",
    "tgl_jatuh_tempo_selanjutnya": "2020-11-25 15:24:13",
    "sisa_pinjaman_berjalan": -484326342,
    "id_status_pinjaman": 1,
    "nilai_pembayaran": "27500000"
  },
  {
    "id_penyelenggara": "810045",
    "id_pinjaman": "2692",
    "id_borrower": "36257",
    "id_transaksi": "77193",
    "id_pembayaran": "24",
    "tgl_jatuh_tempo": "2020-11-25 15:27:38",
    "tgl_jatuh_tempo_selanjutnya": "2020-11-25 15:27:38",
    "sisa_pinjaman_berjalan": -383306401,
    "id_status_pinjaman": 1,
    "nilai_pembayaran": "19029889"
  },
  {
    "id_penyelenggara": "810045",
    "id_pinjaman": "2689",
    "id_borrower": "36297",
    "id_transaksi": "77196",
    "id_pembayaran": "25",
    "tgl_jatuh_tempo": "2020-11-25 15:30:16",
    "tgl_jatuh_tempo_selanjutnya": "2020-11-25 15:30:16",
    "sisa_pinjaman_berjalan": -383306401,
    "id_status_pinjaman": 1,
    "nilai_pembayaran": "19029889"
  },
  {
    "id_penyelenggara": "810045",
    "id_pinjaman": "2690",
    "id_borrower": "36255",
    "id_transaksi": "77195",
    "id_pembayaran": "26",
    "tgl_jatuh_tempo": "2020-11-25 15:29:10",
    "tgl_jatuh_tempo_selanjutnya": "2020-11-25 15:29:10",
    "sisa_pinjaman_berjalan": -268865045,
    "id_status_pinjaman": 1,
    "nilai_pembayaran": "19029889"
  },
  {
    "id_penyelenggara": "810045",
    "id_pinjaman": "2691",
    "id_borrower": "36256",
    "id_transaksi": "77194",
    "id_pembayaran": "27",
    "tgl_jatuh_tempo": "2020-11-25 15:28:22",
    "tgl_jatuh_tempo_selanjutnya": "2020-11-25 15:28:22",
    "sisa_pinjaman_berjalan": -440265057,
    "id_status_pinjaman": 1,
    "nilai_pembayaran": "19029889"
  },
  {
    "id_penyelenggara": "810045",
    "id_pinjaman": "2685",
    "id_borrower": "36250",
    "id_transaksi": "77201",
    "id_pembayaran": "28",
    "tgl_jatuh_tempo": "2020-11-25 15:35:39",
    "tgl_jatuh_tempo_selanjutnya": "2020-11-25 15:35:39",
    "sisa_pinjaman_berjalan": -440265057,
    "id_status_pinjaman": 1,
    "nilai_pembayaran": "19029889"
  },
  {
    "id_penyelenggara": "810045",
    "id_pinjaman": "2687",
    "id_borrower": "35313",
    "id_transaksi": "77198",
    "id_pembayaran": "29",
    "tgl_jatuh_tempo": "2020-11-25 15:32:23",
    "tgl_jatuh_tempo_selanjutnya": "2020-11-25 15:32:23",
    "sisa_pinjaman_berjalan": -91187355,
    "id_status_pinjaman": 1,
    "nilai_pembayaran": "2157000"
  },
  {
    "id_penyelenggara": "810045",
    "id_pinjaman": "2686",
    "id_borrower": "35408",
    "id_transaksi": "77200",
    "id_pembayaran": "30",
    "tgl_jatuh_tempo": "2020-11-25 15:34:39",
    "tgl_jatuh_tempo_selanjutnya": "2020-11-25 15:34:39",
    "sisa_pinjaman_berjalan": -262250510,
    "id_status_pinjaman": 1,
    "nilai_pembayaran": "13000000"
  },
  {
    "id_penyelenggara": "810045",
    "id_pinjaman": "2691",
    "id_borrower": "36256",
    "id_transaksi": "77194",
    "id_pembayaran": "31",
    "tgl_jatuh_tempo": "2020-11-25 15:28:22",
    "tgl_jatuh_tempo_selanjutnya": "2020-11-25 15:28:22",
    "sisa_pinjaman_berjalan": -440265057,
    "id_status_pinjaman": 1,
    "nilai_pembayaran": "1061000"
  },
  {
    "id_penyelenggara": "810045",
    "id_pinjaman": "2689",
    "id_borrower": "36297",
    "id_transaksi": "77196",
    "id_pembayaran": "32",
    "tgl_jatuh_tempo": "2020-11-25 15:30:16",
    "tgl_jatuh_tempo_selanjutnya": "2020-11-25 15:30:16",
    "sisa_pinjaman_berjalan": -383306401,
    "id_status_pinjaman": 1,
    "nilai_pembayaran": "1061000"
  },
  {
    "id_penyelenggara": "810045",
    "id_pinjaman": "2692",
    "id_borrower": "36257",
    "id_transaksi": "77193",
    "id_pembayaran": "33",
    "tgl_jatuh_tempo": "2020-11-25 15:27:38",
    "tgl_jatuh_tempo_selanjutnya": "2020-11-25 15:27:38",
    "sisa_pinjaman_berjalan": -383306401,
    "id_status_pinjaman": 1,
    "nilai_pembayaran": "1061000"
  },
  {
    "id_penyelenggara": "810045",
    "id_pinjaman": "2690",
    "id_borrower": "36255",
    "id_transaksi": "77195",
    "id_pembayaran": "34",
    "tgl_jatuh_tempo": "2020-11-25 15:29:10",
    "tgl_jatuh_tempo_selanjutnya": "2020-11-25 15:29:10",
    "sisa_pinjaman_berjalan": -268865045,
    "id_status_pinjaman": 1,
    "nilai_pembayaran": "1061000"
  },
  {
    "id_penyelenggara": "810045",
    "id_pinjaman": "2685",
    "id_borrower": "36250",
    "id_transaksi": "77201",
    "id_pembayaran": "35",
    "tgl_jatuh_tempo": "2020-11-25 15:35:39",
    "tgl_jatuh_tempo_selanjutnya": "2020-11-25 15:35:39",
    "sisa_pinjaman_berjalan": -440265057,
    "id_status_pinjaman": 1,
    "nilai_pembayaran": "1061000"
  },
  {
    "id_penyelenggara": "810045",
    "id_pinjaman": "2694",
    "id_borrower": "35318",
    "id_transaksi": "77190",
    "id_pembayaran": "36",
    "tgl_jatuh_tempo": "2020-11-25 15:24:13",
    "tgl_jatuh_tempo_selanjutnya": "2020-11-25 15:24:13",
    "sisa_pinjaman_berjalan": -484326342,
    "id_status_pinjaman": 1,
    "nilai_pembayaran": "327000"
  },
  {
    "id_penyelenggara": "810045",
    "id_pinjaman": "2698",
    "id_borrower": "35604",
    "id_transaksi": "77214",
    "id_pembayaran": "37",
    "tgl_jatuh_tempo": "2020-11-26 17:48:57",
    "tgl_jatuh_tempo_selanjutnya": "2020-11-26 17:48:57",
    "sisa_pinjaman_berjalan": -10392420,
    "id_status_pinjaman": 1,
    "nilai_pembayaran": "3419960"
  },
  {
    "id_penyelenggara": "810045",
    "id_pinjaman": "2707",
    "id_borrower": "35602",
    "id_transaksi": "77213",
    "id_pembayaran": "38",
    "tgl_jatuh_tempo": "2020-11-26 17:48:18",
    "tgl_jatuh_tempo_selanjutnya": "2020-11-26 17:48:18",
    "sisa_pinjaman_berjalan": -10392420,
    "id_status_pinjaman": 1,
    "nilai_pembayaran": "3419960"
  },
  {
    "id_penyelenggara": "810045",
    "id_pinjaman": "2700",
    "id_borrower": "35606",
    "id_transaksi": "77216",
    "id_pembayaran": "39",
    "tgl_jatuh_tempo": "2020-11-26 17:50:15",
    "tgl_jatuh_tempo_selanjutnya": "2020-11-26 17:50:15",
    "sisa_pinjaman_berjalan": -10392420,
    "id_status_pinjaman": 1,
    "nilai_pembayaran": "3419960"
  },
  {
    "id_penyelenggara": "810045",
    "id_pinjaman": "2696",
    "id_borrower": "35600",
    "id_transaksi": "77211",
    "id_pembayaran": "40",
    "tgl_jatuh_tempo": "2020-11-26 17:46:52",
    "tgl_jatuh_tempo_selanjutnya": "2020-11-26 17:46:52",
    "sisa_pinjaman_berjalan": -50248000,
    "id_status_pinjaman": 1,
    "nilai_pembayaran": "9990000"
  },
  {
    "id_penyelenggara": "810045",
    "id_pinjaman": "2699",
    "id_borrower": "35605",
    "id_transaksi": "77215",
    "id_pembayaran": "41",
    "tgl_jatuh_tempo": "2020-11-26 17:49:34",
    "tgl_jatuh_tempo_selanjutnya": "2020-11-26 17:49:34",
    "sisa_pinjaman_berjalan": -10392420,
    "id_status_pinjaman": 1,
    "nilai_pembayaran": "3419960"
  },
  {
    "id_penyelenggara": "810045",
    "id_pinjaman": "2703",
    "id_borrower": "35611",
    "id_transaksi": "77219",
    "id_pembayaran": "42",
    "tgl_jatuh_tempo": "2020-11-26 17:52:53",
    "tgl_jatuh_tempo_selanjutnya": "2020-11-26 17:52:53",
    "sisa_pinjaman_berjalan": -10392420,
    "id_status_pinjaman": 1,
    "nilai_pembayaran": "3419960"
  },
  {
    "id_penyelenggara": "810045",
    "id_pinjaman": "2702",
    "id_borrower": "35610",
    "id_transaksi": "77218",
    "id_pembayaran": "43",
    "tgl_jatuh_tempo": "2020-11-26 17:52:20",
    "tgl_jatuh_tempo_selanjutnya": "2020-11-26 17:52:20",
    "sisa_pinjaman_berjalan": -17594500,
    "id_status_pinjaman": 1,
    "nilai_pembayaran": "3496500"
  },
  {
    "id_penyelenggara": "810045",
    "id_pinjaman": "2697",
    "id_borrower": "35601",
    "id_transaksi": "77212",
    "id_pembayaran": "44",
    "tgl_jatuh_tempo": "2020-11-26 17:47:37",
    "tgl_jatuh_tempo_selanjutnya": "2020-11-26 17:47:37",
    "sisa_pinjaman_berjalan": -10545500,
    "id_status_pinjaman": 1,
    "nilai_pembayaran": "3496500"
  },
  {
    "id_penyelenggara": "810045",
    "id_pinjaman": "2704",
    "id_borrower": "35612",
    "id_transaksi": "77220",
    "id_pembayaran": "45",
    "tgl_jatuh_tempo": "2020-11-26 17:53:26",
    "tgl_jatuh_tempo_selanjutnya": "2020-11-26 17:53:26",
    "sisa_pinjaman_berjalan": -10545500,
    "id_status_pinjaman": 1,
    "nilai_pembayaran": "3496500"
  },
  {
    "id_penyelenggara": "810045",
    "id_pinjaman": "2701",
    "id_borrower": "35607",
    "id_transaksi": "77217",
    "id_pembayaran": "46",
    "tgl_jatuh_tempo": "2020-11-26 17:51:42",
    "tgl_jatuh_tempo_selanjutnya": "2020-11-26 17:51:42",
    "sisa_pinjaman_berjalan": -10545500,
    "id_status_pinjaman": 1,
    "nilai_pembayaran": "3496500"
  },
  {
    "id_penyelenggara": "810045",
    "id_pinjaman": "2695",
    "id_borrower": "35599",
    "id_transaksi": "77210",
    "id_pembayaran": "47",
    "tgl_jatuh_tempo": "2020-11-26 17:46:16",
    "tgl_jatuh_tempo_selanjutnya": "2020-11-26 17:46:16",
    "sisa_pinjaman_berjalan": -10545500,
    "id_status_pinjaman": 1,
    "nilai_pembayaran": "3496500"
  },
  {
    "id_penyelenggara": "810045",
    "id_pinjaman": "2706",
    "id_borrower": "36263",
    "id_transaksi": "77222",
    "id_pembayaran": "48",
    "tgl_jatuh_tempo": "2020-11-26 17:54:44",
    "tgl_jatuh_tempo_selanjutnya": "2020-11-26 17:54:44",
    "sisa_pinjaman_berjalan": -10392420,
    "id_status_pinjaman": 1,
    "nilai_pembayaran": "3419960"
  },
  {
    "id_penyelenggara": "810045",
    "id_pinjaman": "2705",
    "id_borrower": "35614",
    "id_transaksi": "77221",
    "id_pembayaran": "49",
    "tgl_jatuh_tempo": "2020-11-26 17:54:00",
    "tgl_jatuh_tempo_selanjutnya": "2020-11-26 17:54:00",
    "sisa_pinjaman_berjalan": -10545500,
    "id_status_pinjaman": 1,
    "nilai_pembayaran": "3496500"
  },
  {
    "id_penyelenggara": "810045",
    "id_pinjaman": "2730",
    "id_borrower": "36284",
    "id_transaksi": "77241",
    "id_pembayaran": "50",
    "tgl_jatuh_tempo": "2020-12-10 18:17:12",
    "tgl_jatuh_tempo_selanjutnya": "2020-12-10 18:17:12",
    "sisa_pinjaman_berjalan": -190722510,
    "id_status_pinjaman": 1,
    "nilai_pembayaran": "20100000"
  },
  {
    "id_penyelenggara": "810045",
    "id_pinjaman": "2731",
    "id_borrower": "36319",
    "id_transaksi": "77240",
    "id_pembayaran": "51",
    "tgl_jatuh_tempo": "2020-12-10 18:16:19",
    "tgl_jatuh_tempo_selanjutnya": "2020-12-10 18:16:19",
    "sisa_pinjaman_berjalan": -230722510,
    "id_status_pinjaman": 1,
    "nilai_pembayaran": "10000000"
  },
  {
    "id_penyelenggara": "810045",
    "id_pinjaman": "3125",
    "id_borrower": "36884",
    "id_transaksi": "171886",
    "id_pembayaran": "52",
    "tgl_jatuh_tempo": "2020-10-15 13:37:13",
    "tgl_jatuh_tempo_selanjutnya": "2020-10-15 13:37:13",
    "sisa_pinjaman_berjalan": -134699700,
    "id_status_pinjaman": 1,
    "nilai_pembayaran": "20100000"
  },
  {
    "id_penyelenggara": "810045",
    "id_pinjaman": "2729",
    "id_borrower": "36315",
    "id_transaksi": "77231",
    "id_pembayaran": "53",
    "tgl_jatuh_tempo": "2020-12-05 19:06:19",
    "tgl_jatuh_tempo_selanjutnya": "2020-12-05 19:06:19",
    "sisa_pinjaman_berjalan": -95161255,
    "id_status_pinjaman": 1,
    "nilai_pembayaran": "10000000"
  },
  {
    "id_penyelenggara": "810045",
    "id_pinjaman": "2693",
    "id_borrower": "36258",
    "id_transaksi": "77191",
    "id_pembayaran": "54",
    "tgl_jatuh_tempo": "2020-11-25 15:25:34",
    "tgl_jatuh_tempo_selanjutnya": "2020-11-25 15:25:34",
    "sisa_pinjaman_berjalan": -173761155,
    "id_status_pinjaman": 1,
    "nilai_pembayaran": "20100000"
  },
  {
    "id_penyelenggara": "810045",
    "id_pinjaman": "2686",
    "id_borrower": "35408",
    "id_transaksi": "77200",
    "id_pembayaran": "55",
    "tgl_jatuh_tempo": "2020-11-25 15:34:39",
    "tgl_jatuh_tempo_selanjutnya": "2020-11-25 15:34:39",
    "sisa_pinjaman_berjalan": -262250510,
    "id_status_pinjaman": 1,
    "nilai_pembayaran": "14867000"
  },
  {
    "id_penyelenggara": "810045",
    "id_pinjaman": "2808",
    "id_borrower": "35406",
    "id_transaksi": "77280",
    "id_pembayaran": "56",
    "tgl_jatuh_tempo": "2021-01-07 21:28:16",
    "tgl_jatuh_tempo_selanjutnya": "2021-01-07 21:28:16",
    "sisa_pinjaman_berjalan": -188068710,
    "id_status_pinjaman": 1,
    "nilai_pembayaran": "10155000"
  },
  {
    "id_penyelenggara": "810045",
    "id_pinjaman": "2865",
    "id_borrower": "35629",
    "id_transaksi": "77326",
    "id_pembayaran": "57",
    "tgl_jatuh_tempo": "2021-01-14 14:51:15",
    "tgl_jatuh_tempo_selanjutnya": "2021-01-14 14:51:15",
    "sisa_pinjaman_berjalan": -194587710,
    "id_status_pinjaman": 1,
    "nilai_pembayaran": "10155000"
  },
  {
    "id_penyelenggara": "810045",
    "id_pinjaman": "2688",
    "id_borrower": "36254",
    "id_transaksi": "77197",
    "id_pembayaran": "58",
    "tgl_jatuh_tempo": "2020-11-25 15:31:23",
    "tgl_jatuh_tempo_selanjutnya": "2020-11-25 15:31:23",
    "sisa_pinjaman_berjalan": -652562825,
    "id_status_pinjaman": 1,
    "nilai_pembayaran": "937000"
  },
  {
    "id_penyelenggara": "810045",
    "id_pinjaman": "2731",
    "id_borrower": "36319",
    "id_transaksi": "77240",
    "id_pembayaran": "59",
    "tgl_jatuh_tempo": "2020-12-10 18:16:19",
    "tgl_jatuh_tempo_selanjutnya": "2020-12-10 18:16:19",
    "sisa_pinjaman_berjalan": -230722510,
    "id_status_pinjaman": 1,
    "nilai_pembayaran": "20100000"
  },
  {
    "id_penyelenggara": "810045",
    "id_pinjaman": "2732",
    "id_borrower": "36220",
    "id_transaksi": "77239",
    "id_pembayaran": "60",
    "tgl_jatuh_tempo": "2020-12-10 18:14:39",
    "tgl_jatuh_tempo_selanjutnya": "2020-12-10 18:14:39",
    "sisa_pinjaman_berjalan": -197042310,
    "id_status_pinjaman": 1,
    "nilai_pembayaran": "10104000"
  },
  {
    "id_penyelenggara": "810045",
    "id_pinjaman": "2803",
    "id_borrower": "36530",
    "id_transaksi": "77274",
    "id_pembayaran": "61",
    "tgl_jatuh_tempo": "2021-01-02 15:16:11",
    "tgl_jatuh_tempo_selanjutnya": "2021-01-02 15:16:11",
    "sisa_pinjaman_berjalan": -59161455,
    "id_status_pinjaman": 1,
    "nilai_pembayaran": "20100000"
  },
  {
    "id_penyelenggara": "810045",
    "id_pinjaman": "2694",
    "id_borrower": "35318",
    "id_transaksi": "77190",
    "id_pembayaran": "62",
    "tgl_jatuh_tempo": "2020-11-25 15:24:13",
    "tgl_jatuh_tempo_selanjutnya": "2020-11-25 15:24:13",
    "sisa_pinjaman_berjalan": -484326342,
    "id_status_pinjaman": 1,
    "nilai_pembayaran": "19903272"
  },
  {
    "id_penyelenggara": "810045",
    "id_pinjaman": "2694",
    "id_borrower": "35318",
    "id_transaksi": "77190",
    "id_pembayaran": "63",
    "tgl_jatuh_tempo": "2020-11-25 15:24:13",
    "tgl_jatuh_tempo_selanjutnya": "2020-11-25 15:24:13",
    "sisa_pinjaman_berjalan": -484326342,
    "id_status_pinjaman": 1,
    "nilai_pembayaran": "236668"
  },
  {
    "id_penyelenggara": "810045",
    "id_pinjaman": "2694",
    "id_borrower": "35318",
    "id_transaksi": "77190",
    "id_pembayaran": "64",
    "tgl_jatuh_tempo": "2020-11-25 15:24:13",
    "tgl_jatuh_tempo_selanjutnya": "2020-11-25 15:24:13",
    "sisa_pinjaman_berjalan": -484326342,
    "id_status_pinjaman": 1,
    "nilai_pembayaran": "2805264"
  },
  {
    "id_penyelenggara": "810045",
    "id_pinjaman": "2694",
    "id_borrower": "35318",
    "id_transaksi": "77190",
    "id_pembayaran": "65",
    "tgl_jatuh_tempo": "2020-11-25 15:24:13",
    "tgl_jatuh_tempo_selanjutnya": "2020-11-25 15:24:13",
    "sisa_pinjaman_berjalan": -484326342,
    "id_status_pinjaman": 1,
    "nilai_pembayaran": "7349736"
  },
  {
    "id_penyelenggara": "810045",
    "id_pinjaman": "2694",
    "id_borrower": "35318",
    "id_transaksi": "77190",
    "id_pembayaran": "66",
    "tgl_jatuh_tempo": "2020-11-25 15:24:13",
    "tgl_jatuh_tempo_selanjutnya": "2020-11-25 15:24:13",
    "sisa_pinjaman_berjalan": -484326342,
    "id_status_pinjaman": 1,
    "nilai_pembayaran": "90332"
  },
  {
    "id_penyelenggara": "810045",
    "id_pinjaman": "2866",
    "id_borrower": "35393",
    "id_transaksi": "77340",
    "id_pembayaran": "69",
    "tgl_jatuh_tempo": "2021-01-14 15:06:48",
    "tgl_jatuh_tempo_selanjutnya": "2021-01-14 15:06:48",
    "sisa_pinjaman_berjalan": -94064821,
    "id_status_pinjaman": 1,
    "nilai_pembayaran": "19003000"
  },
  {
    "id_penyelenggara": "810045",
    "id_pinjaman": "2728",
    "id_borrower": "35526",
    "id_transaksi": "77238",
    "id_pembayaran": "70",
    "tgl_jatuh_tempo": "2020-12-10 18:13:08",
    "tgl_jatuh_tempo_selanjutnya": "2020-12-10 18:13:08",
    "sisa_pinjaman_berjalan": -131677374,
    "id_status_pinjaman": 1,
    "nilai_pembayaran": "19184888"
  },
  {
    "id_penyelenggara": "810045",
    "id_pinjaman": "2767",
    "id_borrower": "36536",
    "id_transaksi": "77260",
    "id_pembayaran": "71",
    "tgl_jatuh_tempo": "2020-12-31 17:58:08",
    "tgl_jatuh_tempo_selanjutnya": "2020-12-31 17:58:08",
    "sisa_pinjaman_berjalan": -97334355,
    "id_status_pinjaman": 1,
    "nilai_pembayaran": "5091000"
  },
  {
    "id_penyelenggara": "810045",
    "id_pinjaman": "2801",
    "id_borrower": "36620",
    "id_transaksi": "77272",
    "id_pembayaran": "72",
    "tgl_jatuh_tempo": "2021-01-02 14:34:33",
    "tgl_jatuh_tempo_selanjutnya": "2021-01-02 14:34:33",
    "sisa_pinjaman_berjalan": -20952555,
    "id_status_pinjaman": 1,
    "nilai_pembayaran": "20091000"
  },
  {
    "id_penyelenggara": "810045",
    "id_pinjaman": "2604",
    "id_borrower": "35982",
    "id_transaksi": "77142",
    "id_pembayaran": "73",
    "tgl_jatuh_tempo": "2020-12-22 12:28:45",
    "tgl_jatuh_tempo_selanjutnya": "2020-12-22 12:28:45",
    "sisa_pinjaman_berjalan": -359491000,
    "id_status_pinjaman": 1,
    "nilai_pembayaran": "13000000"
  },
  {
    "id_penyelenggara": "810045",
    "id_pinjaman": "2555",
    "id_borrower": "35430",
    "id_transaksi": "77124",
    "id_pembayaran": "74",
    "tgl_jatuh_tempo": "2020-11-04 13:44:59",
    "tgl_jatuh_tempo_selanjutnya": "2020-11-04 13:44:59",
    "sisa_pinjaman_berjalan": -128146371,
    "id_status_pinjaman": 1,
    "nilai_pembayaran": "1000000"
  },
  {
    "id_penyelenggara": "810045",
    "id_pinjaman": "2414",
    "id_borrower": "35425",
    "id_transaksi": "77033",
    "id_pembayaran": "75",
    "tgl_jatuh_tempo": "2020-08-26 16:27:22",
    "tgl_jatuh_tempo_selanjutnya": "2020-08-26 16:27:22",
    "sisa_pinjaman_berjalan": -271162384,
    "id_status_pinjaman": 1,
    "nilai_pembayaran": "640000"
  },
  {
    "id_penyelenggara": "810045",
    "id_pinjaman": "2808",
    "id_borrower": "35406",
    "id_transaksi": "77280",
    "id_pembayaran": "76",
    "tgl_jatuh_tempo": "2021-01-07 21:28:16",
    "tgl_jatuh_tempo_selanjutnya": "2021-01-07 21:28:16",
    "sisa_pinjaman_berjalan": -188068710,
    "id_status_pinjaman": 1,
    "nilai_pembayaran": "18500000"
  },
  {
    "id_penyelenggara": "810045",
    "id_pinjaman": "2767",
    "id_borrower": "36536",
    "id_transaksi": "77260",
    "id_pembayaran": "77",
    "tgl_jatuh_tempo": "2020-12-31 17:58:08",
    "tgl_jatuh_tempo_selanjutnya": "2020-12-31 17:58:08",
    "sisa_pinjaman_berjalan": -97334355,
    "id_status_pinjaman": 1,
    "nilai_pembayaran": "15000000"
  },
  {
    "id_penyelenggara": "810045",
    "id_pinjaman": "2771",
    "id_borrower": "36535",
    "id_transaksi": "77254",
    "id_pembayaran": "78",
    "tgl_jatuh_tempo": "2020-12-31 17:26:40",
    "tgl_jatuh_tempo_selanjutnya": "2020-12-31 17:26:40",
    "sisa_pinjaman_berjalan": -97346355,
    "id_status_pinjaman": 1,
    "nilai_pembayaran": "20095000"
  },
  {
    "id_penyelenggara": "810045",
    "id_pinjaman": "2766",
    "id_borrower": "35423",
    "id_transaksi": "77255",
    "id_pembayaran": "79",
    "tgl_jatuh_tempo": "2020-12-31 17:31:03",
    "tgl_jatuh_tempo_selanjutnya": "2020-12-31 17:31:03",
    "sisa_pinjaman_berjalan": -54007455,
    "id_status_pinjaman": 1,
    "nilai_pembayaran": "17523000"
  },
  {
    "id_penyelenggara": "810045",
    "id_pinjaman": "3254",
    "id_borrower": "37030",
    "id_transaksi": "172518",
    "id_pembayaran": "80",
    "tgl_jatuh_tempo": "2020-12-28 09:10:16",
    "tgl_jatuh_tempo_selanjutnya": "2020-12-28 09:10:16",
    "sisa_pinjaman_berjalan": -400018,
    "id_status_pinjaman": 1,
    "nilai_pembayaran": "100000"
  },
  {
    "id_penyelenggara": "810045",
    "id_pinjaman": "2808",
    "id_borrower": "35406",
    "id_transaksi": "77280",
    "id_pembayaran": "81",
    "tgl_jatuh_tempo": "2021-01-07 21:28:16",
    "tgl_jatuh_tempo_selanjutnya": "2021-01-07 21:28:16",
    "sisa_pinjaman_berjalan": -188068710,
    "id_status_pinjaman": 1,
    "nilai_pembayaran": "9327000"
  },
  {
    "id_penyelenggara": "810045",
    "id_pinjaman": "2555",
    "id_borrower": "35430",
    "id_transaksi": "77124",
    "id_pembayaran": "82",
    "tgl_jatuh_tempo": "2020-11-04 13:44:59",
    "tgl_jatuh_tempo_selanjutnya": "2020-11-04 13:44:59",
    "sisa_pinjaman_berjalan": -128146371,
    "id_status_pinjaman": 1,
    "nilai_pembayaran": "5000000"
  },
  {
    "id_penyelenggara": "810045",
    "id_pinjaman": "2838",
    "id_borrower": "36727",
    "id_transaksi": "77298",
    "id_pembayaran": "83",
    "tgl_jatuh_tempo": "2021-01-09 10:00:33",
    "tgl_jatuh_tempo_selanjutnya": "2021-01-09 10:00:33",
    "sisa_pinjaman_berjalan": -94034022,
    "id_status_pinjaman": 1,
    "nilai_pembayaran": "18990889"
  },
  {
    "id_penyelenggara": "810045",
    "id_pinjaman": "2606",
    "id_borrower": "35984",
    "id_transaksi": "77144",
    "id_pembayaran": "84",
    "tgl_jatuh_tempo": "2020-12-22 12:29:59",
    "tgl_jatuh_tempo_selanjutnya": "2020-12-22 12:29:59",
    "sisa_pinjaman_berjalan": -454640000,
    "id_status_pinjaman": 1,
    "nilai_pembayaran": "18150000"
  },
  {
    "id_penyelenggara": "810045",
    "id_pinjaman": "2807",
    "id_borrower": "36709",
    "id_transaksi": "77279",
    "id_pembayaran": "85",
    "tgl_jatuh_tempo": "2021-01-07 21:27:19",
    "tgl_jatuh_tempo_selanjutnya": "2021-01-07 21:27:19",
    "sisa_pinjaman_berjalan": -97334022,
    "id_status_pinjaman": 1,
    "nilai_pembayaran": "14000000"
  },
  {
    "id_penyelenggara": "810045",
    "id_pinjaman": "2830",
    "id_borrower": "36724",
    "id_transaksi": "77348",
    "id_pembayaran": "86",
    "tgl_jatuh_tempo": "2021-01-14 15:17:26",
    "tgl_jatuh_tempo_selanjutnya": "2021-01-14 15:17:26",
    "sisa_pinjaman_berjalan": -340462002,
    "id_status_pinjaman": 1,
    "nilai_pembayaran": "24948693"
  },
  {
    "id_penyelenggara": "810045",
    "id_pinjaman": "2768",
    "id_borrower": "36532",
    "id_transaksi": "77257",
    "id_pembayaran": "87",
    "tgl_jatuh_tempo": "2020-12-31 17:50:58",
    "tgl_jatuh_tempo_selanjutnya": "2020-12-31 17:50:58",
    "sisa_pinjaman_berjalan": -59161455,
    "id_status_pinjaman": 1,
    "nilai_pembayaran": "20100000"
  },
  {
    "id_penyelenggara": "810045",
    "id_pinjaman": "2865",
    "id_borrower": "35629",
    "id_transaksi": "77326",
    "id_pembayaran": "88",
    "tgl_jatuh_tempo": "2021-01-14 14:51:15",
    "tgl_jatuh_tempo_selanjutnya": "2021-01-14 14:51:15",
    "sisa_pinjaman_berjalan": -194587710,
    "id_status_pinjaman": 1,
    "nilai_pembayaran": "20000000"
  },
  {
    "id_penyelenggara": "810045",
    "id_pinjaman": "2887",
    "id_borrower": "36616",
    "id_transaksi": "77369",
    "id_pembayaran": "89",
    "tgl_jatuh_tempo": "2021-01-20 12:27:34",
    "tgl_jatuh_tempo_selanjutnya": "2021-01-20 12:27:34",
    "sisa_pinjaman_berjalan": -33435744,
    "id_status_pinjaman": 1,
    "nilai_pembayaran": "2472393"
  },
  {
    "id_penyelenggara": "810045",
    "id_pinjaman": "3127",
    "id_borrower": "36968",
    "id_transaksi": "171885",
    "id_pembayaran": "90",
    "tgl_jatuh_tempo": "2020-10-13 12:47:30",
    "tgl_jatuh_tempo_selanjutnya": "2020-10-13 12:47:30",
    "sisa_pinjaman_berjalan": -134663700,
    "id_status_pinjaman": 1,
    "nilai_pembayaran": "20091000"
  },
  {
    "id_penyelenggara": "810045",
    "id_pinjaman": "2889",
    "id_borrower": "36692",
    "id_transaksi": "77368",
    "id_pembayaran": "91",
    "tgl_jatuh_tempo": "2021-01-20 12:25:11",
    "tgl_jatuh_tempo_selanjutnya": "2021-01-20 12:25:11",
    "sisa_pinjaman_berjalan": -451614577,
    "id_status_pinjaman": 1,
    "nilai_pembayaran": "4700000"
  },
  {
    "id_penyelenggara": "810045",
    "id_pinjaman": "2770",
    "id_borrower": "36534",
    "id_transaksi": "77364",
    "id_pembayaran": "92",
    "tgl_jatuh_tempo": "2021-01-20 12:20:47",
    "tgl_jatuh_tempo_selanjutnya": "2021-01-20 12:20:47",
    "sisa_pinjaman_berjalan": -278152023,
    "id_status_pinjaman": 1,
    "nilai_pembayaran": "20090889"
  },
  {
    "id_penyelenggara": "810045",
    "id_pinjaman": "2870",
    "id_borrower": "36579",
    "id_transaksi": "77341",
    "id_pembayaran": "93",
    "tgl_jatuh_tempo": "2021-01-14 15:09:04",
    "tgl_jatuh_tempo_selanjutnya": "2021-01-14 15:09:04",
    "sisa_pinjaman_berjalan": -1289582208,
    "id_status_pinjaman": 1,
    "nilai_pembayaran": "49897386"
  },
  {
    "id_penyelenggara": "810045",
    "id_pinjaman": "2806",
    "id_borrower": "36454",
    "id_transaksi": "77294",
    "id_pembayaran": "94",
    "tgl_jatuh_tempo": "2021-01-09 09:54:01",
    "tgl_jatuh_tempo_selanjutnya": "2021-01-09 09:54:01",
    "sisa_pinjaman_berjalan": -205500144,
    "id_status_pinjaman": 1,
    "nilai_pembayaran": "4710000"
  },
  {
    "id_penyelenggara": "810045",
    "id_pinjaman": "2865",
    "id_borrower": "35629",
    "id_transaksi": "77326",
    "id_pembayaran": "95",
    "tgl_jatuh_tempo": "2021-01-14 14:51:15",
    "tgl_jatuh_tempo_selanjutnya": "2021-01-14 14:51:15",
    "sisa_pinjaman_berjalan": -194587710,
    "id_status_pinjaman": 1,
    "nilai_pembayaran": "8000000"
  },
  {
    "id_penyelenggara": "810045",
    "id_pinjaman": "2873",
    "id_borrower": "36602",
    "id_transaksi": "77335",
    "id_pembayaran": "96",
    "tgl_jatuh_tempo": "2021-01-14 15:00:50",
    "tgl_jatuh_tempo_selanjutnya": "2021-01-14 15:00:50",
    "sisa_pinjaman_berjalan": -78388344,
    "id_status_pinjaman": 1,
    "nilai_pembayaran": "2472393"
  },
  {
    "id_penyelenggara": "810045",
    "id_pinjaman": "2893",
    "id_borrower": "36868",
    "id_transaksi": "77362",
    "id_pembayaran": "97",
    "tgl_jatuh_tempo": "2021-01-16 13:19:19",
    "tgl_jatuh_tempo_selanjutnya": "2021-01-16 13:19:19",
    "sisa_pinjaman_berjalan": -79801964,
    "id_status_pinjaman": 1,
    "nilai_pembayaran": "2517000"
  },
  {
    "id_penyelenggara": "810045",
    "id_pinjaman": "2892",
    "id_borrower": "36706",
    "id_transaksi": "77363",
    "id_pembayaran": "98",
    "tgl_jatuh_tempo": "2021-01-16 13:21:59",
    "tgl_jatuh_tempo_selanjutnya": "2021-01-16 13:21:59",
    "sisa_pinjaman_berjalan": -192662312,
    "id_status_pinjaman": 1,
    "nilai_pembayaran": "4609547"
  },
  {
    "id_penyelenggara": "810045",
    "id_pinjaman": "2867",
    "id_borrower": "36574",
    "id_transaksi": "77316",
    "id_pembayaran": "99",
    "tgl_jatuh_tempo": "2021-01-13 17:20:07",
    "tgl_jatuh_tempo_selanjutnya": "2021-01-13 17:20:07",
    "sisa_pinjaman_berjalan": -156777544,
    "id_status_pinjaman": 1,
    "nilai_pembayaran": "4945000"
  },
  {
    "id_penyelenggara": "810045",
    "id_pinjaman": "2888",
    "id_borrower": "36691",
    "id_transaksi": "77367",
    "id_pembayaran": "100",
    "tgl_jatuh_tempo": "2021-01-20 12:23:46",
    "tgl_jatuh_tempo_selanjutnya": "2021-01-20 12:23:46",
    "sisa_pinjaman_berjalan": -193114577,
    "id_status_pinjaman": 1,
    "nilai_pembayaran": "4700000"
  },
  {
    "id_penyelenggara": "810045",
    "id_pinjaman": "2890",
    "id_borrower": "36867",
    "id_transaksi": "77360",
    "id_pembayaran": "101",
    "tgl_jatuh_tempo": "2021-01-16 13:16:04",
    "tgl_jatuh_tempo_selanjutnya": "2021-01-16 13:16:04",
    "sisa_pinjaman_berjalan": -193114577,
    "id_status_pinjaman": 1,
    "nilai_pembayaran": "4700000"
  },
  {
    "id_penyelenggara": "810045",
    "id_pinjaman": "2865",
    "id_borrower": "35629",
    "id_transaksi": "77326",
    "id_pembayaran": "102",
    "tgl_jatuh_tempo": "2021-01-14 14:51:15",
    "tgl_jatuh_tempo_selanjutnya": "2021-01-14 14:51:15",
    "sisa_pinjaman_berjalan": -194587710,
    "id_status_pinjaman": 1,
    "nilai_pembayaran": "2000000"
  },
  {
    "id_penyelenggara": "810045",
    "id_pinjaman": "2518",
    "id_borrower": "35685",
    "id_transaksi": "77103",
    "id_pembayaran": "103",
    "tgl_jatuh_tempo": "2020-09-30 13:04:49",
    "tgl_jatuh_tempo_selanjutnya": "2020-09-30 13:04:49",
    "sisa_pinjaman_berjalan": -510515100,
    "id_status_pinjaman": 1,
    "nilai_pembayaran": "6850000"
  },
  {
    "id_penyelenggara": "810045",
    "id_pinjaman": "2456",
    "id_borrower": "35527",
    "id_transaksi": "77082",
    "id_pembayaran": "104",
    "tgl_jatuh_tempo": "2020-09-13 14:23:09",
    "tgl_jatuh_tempo_selanjutnya": "2020-09-13 14:23:09",
    "sisa_pinjaman_berjalan": -154974850,
    "id_status_pinjaman": 1,
    "nilai_pembayaran": "9500000"
  },
  {
    "id_penyelenggara": "810045",
    "id_pinjaman": "2353",
    "id_borrower": "35321",
    "id_transaksi": "77038",
    "id_pembayaran": "105",
    "tgl_jatuh_tempo": "2020-08-26 16:30:27",
    "tgl_jatuh_tempo_selanjutnya": "2020-08-26 16:30:27",
    "sisa_pinjaman_berjalan": -267249750,
    "id_status_pinjaman": 1,
    "nilai_pembayaran": "9000000"
  },
  {
    "id_penyelenggara": "810045",
    "id_pinjaman": "2830",
    "id_borrower": "36724",
    "id_transaksi": "77348",
    "id_pembayaran": "106",
    "tgl_jatuh_tempo": "2021-01-14 15:17:26",
    "tgl_jatuh_tempo_selanjutnya": "2021-01-14 15:17:26",
    "sisa_pinjaman_berjalan": -340462002,
    "id_status_pinjaman": 1,
    "nilai_pembayaran": "24948693"
  },
  {
    "id_penyelenggara": "810045",
    "id_pinjaman": "2887",
    "id_borrower": "36616",
    "id_transaksi": "77369",
    "id_pembayaran": "107",
    "tgl_jatuh_tempo": "2021-01-20 12:27:34",
    "tgl_jatuh_tempo_selanjutnya": "2021-01-20 12:27:34",
    "sisa_pinjaman_berjalan": -33435744,
    "id_status_pinjaman": 1,
    "nilai_pembayaran": "2472393"
  },
  {
    "id_penyelenggara": "810045",
    "id_pinjaman": "2869",
    "id_borrower": "36578",
    "id_transaksi": "77355",
    "id_pembayaran": "108",
    "tgl_jatuh_tempo": "2021-01-16 13:09:44",
    "tgl_jatuh_tempo_selanjutnya": "2021-01-16 13:09:44",
    "sisa_pinjaman_berjalan": -28490958,
    "id_status_pinjaman": 1,
    "nilai_pembayaran": "2472393"
  },
  {
    "id_penyelenggara": "810045",
    "id_pinjaman": "2868",
    "id_borrower": "36575",
    "id_transaksi": "77317",
    "id_pembayaran": "109",
    "tgl_jatuh_tempo": "2021-01-14 14:41:08",
    "tgl_jatuh_tempo_selanjutnya": "2021-01-14 14:41:08",
    "sisa_pinjaman_berjalan": -78388344,
    "id_status_pinjaman": 1,
    "nilai_pembayaran": "2472393"
  },
  {
    "id_penyelenggara": "810045",
    "id_pinjaman": "2871",
    "id_borrower": "36586",
    "id_transaksi": "77332",
    "id_pembayaran": "110",
    "tgl_jatuh_tempo": "2021-01-14 14:57:15",
    "tgl_jatuh_tempo_selanjutnya": "2021-01-14 14:57:15",
    "sisa_pinjaman_berjalan": -29046172,
    "id_status_pinjaman": 1,
    "nilai_pembayaran": "2750000"
  },
  {
    "id_penyelenggara": "810045",
    "id_pinjaman": "2872",
    "id_borrower": "36601",
    "id_transaksi": "77331",
    "id_pembayaran": "111",
    "tgl_jatuh_tempo": "2021-01-14 14:56:24",
    "tgl_jatuh_tempo_selanjutnya": "2021-01-14 14:56:24",
    "sisa_pinjaman_berjalan": -78388344,
    "id_status_pinjaman": 1,
    "nilai_pembayaran": "2472393"
  },
  {
    "id_penyelenggara": "810045",
    "id_pinjaman": "2886",
    "id_borrower": "36866",
    "id_transaksi": "77366",
    "id_pembayaran": "112",
    "tgl_jatuh_tempo": "2021-01-20 12:22:38",
    "tgl_jatuh_tempo_selanjutnya": "2021-01-20 12:22:38",
    "sisa_pinjaman_berjalan": -82669544,
    "id_status_pinjaman": 1,
    "nilai_pembayaran": "3542693"
  },
  {
    "id_penyelenggara": "810045",
    "id_pinjaman": "2889",
    "id_borrower": "36692",
    "id_transaksi": "77368",
    "id_pembayaran": "113",
    "tgl_jatuh_tempo": "2021-01-20 12:25:11",
    "tgl_jatuh_tempo_selanjutnya": "2021-01-20 12:25:11",
    "sisa_pinjaman_berjalan": -451614577,
    "id_status_pinjaman": 1,
    "nilai_pembayaran": "4700000"
  },
  {
    "id_penyelenggara": "810045",
    "id_pinjaman": "2804",
    "id_borrower": "36531",
    "id_transaksi": "77275",
    "id_pembayaran": "114",
    "tgl_jatuh_tempo": "2021-01-02 15:17:23",
    "tgl_jatuh_tempo_selanjutnya": "2021-01-02 15:17:23",
    "sisa_pinjaman_berjalan": -20952444,
    "id_status_pinjaman": 1,
    "nilai_pembayaran": "20090889"
  },
  {
    "id_penyelenggara": "810045",
    "id_pinjaman": "3123",
    "id_borrower": "36885",
    "id_transaksi": "171887",
    "id_pembayaran": "115",
    "tgl_jatuh_tempo": "2020-10-14 12:28:11",
    "tgl_jatuh_tempo_selanjutnya": "2020-10-14 12:28:11",
    "sisa_pinjaman_berjalan": -134663256,
    "id_status_pinjaman": 1,
    "nilai_pembayaran": "20090889"
  },
  {
    "id_penyelenggara": "810045",
    "id_pinjaman": "2807",
    "id_borrower": "36709",
    "id_transaksi": "77279",
    "id_pembayaran": "116",
    "tgl_jatuh_tempo": "2021-01-07 21:27:19",
    "tgl_jatuh_tempo_selanjutnya": "2021-01-07 21:27:19",
    "sisa_pinjaman_berjalan": -97334022,
    "id_status_pinjaman": 1,
    "nilai_pembayaran": "6090889"
  },
  {
    "id_penyelenggara": "810045",
    "id_pinjaman": "3165",
    "id_borrower": "36915",
    "id_transaksi": "171964",
    "id_pembayaran": "117",
    "tgl_jatuh_tempo": "2020-10-16 12:49:06",
    "tgl_jatuh_tempo_selanjutnya": "2020-10-16 12:49:06",
    "sisa_pinjaman_berjalan": -623378000,
    "id_status_pinjaman": 1,
    "nilai_pembayaran": "11150000"
  },
  {
    "id_penyelenggara": "810045",
    "id_pinjaman": "4128",
    "id_borrower": "37756",
    "id_transaksi": "173198",
    "id_pembayaran": "118",
    "tgl_jatuh_tempo": "2021-03-18 22:40:17",
    "tgl_jatuh_tempo_selanjutnya": "2021-03-18 22:40:17",
    "sisa_pinjaman_berjalan": -275000,
    "id_status_pinjaman": 1,
    "nilai_pembayaran": "10000"
  },
  {
    "id_penyelenggara": "810045",
    "id_pinjaman": "4128",
    "id_borrower": "37756",
    "id_transaksi": "173198",
    "id_pembayaran": "119",
    "tgl_jatuh_tempo": "2021-03-18 22:40:17",
    "tgl_jatuh_tempo_selanjutnya": "2021-03-18 22:40:17",
    "sisa_pinjaman_berjalan": -275000,
    "id_status_pinjaman": 1,
    "nilai_pembayaran": "15000"
  },
  {
    "id_penyelenggara": "810045",
    "id_pinjaman": "4128",
    "id_borrower": "37756",
    "id_transaksi": "173198",
    "id_pembayaran": "120",
    "tgl_jatuh_tempo": "2021-03-18 22:40:17",
    "tgl_jatuh_tempo_selanjutnya": "2021-03-18 22:40:17",
    "sisa_pinjaman_berjalan": -275000,
    "id_status_pinjaman": 1,
    "nilai_pembayaran": "15000"
  },
  {
    "id_penyelenggara": "810045",
    "id_pinjaman": "4128",
    "id_borrower": "37756",
    "id_transaksi": "173198",
    "id_pembayaran": "121",
    "tgl_jatuh_tempo": "2021-03-18 22:40:17",
    "tgl_jatuh_tempo_selanjutnya": "2021-03-18 22:40:17",
    "sisa_pinjaman_berjalan": -275000,
    "id_status_pinjaman": 1,
    "nilai_pembayaran": "15000"
  },
  {
    "id_penyelenggara": "810045",
    "id_pinjaman": "2891",
    "id_borrower": "36694",
    "id_transaksi": "77361",
    "id_pembayaran": "122",
    "tgl_jatuh_tempo": "2021-01-16 13:16:50",
    "tgl_jatuh_tempo_selanjutnya": "2021-01-16 13:16:50",
    "sisa_pinjaman_berjalan": -105200564,
    "id_status_pinjaman": 1,
    "nilai_pembayaran": "2517000"
  },
  {
    "id_penyelenggara": "810045",
    "id_pinjaman": "2889",
    "id_borrower": "36692",
    "id_transaksi": "77368",
    "id_pembayaran": "123",
    "tgl_jatuh_tempo": "2021-01-20 12:25:11",
    "tgl_jatuh_tempo_selanjutnya": "2021-01-20 12:25:11",
    "sisa_pinjaman_berjalan": -451614577,
    "id_status_pinjaman": 1,
    "nilai_pembayaran": "4700000"
  },
  {
    "id_penyelenggara": "810045",
    "id_pinjaman": "3545",
    "id_borrower": "37330",
    "id_transaksi": "172516",
    "id_pembayaran": "124",
    "tgl_jatuh_tempo": "2020-11-27 12:46:10",
    "tgl_jatuh_tempo_selanjutnya": "2020-11-27 12:46:10",
    "sisa_pinjaman_berjalan": -206730334,
    "id_status_pinjaman": 1,
    "nilai_pembayaran": "20090889"
  },
  {
    "id_penyelenggara": "810045",
    "id_pinjaman": "3712",
    "id_borrower": "37458",
    "id_transaksi": "172669",
    "id_pembayaran": "125",
    "tgl_jatuh_tempo": "2020-12-23 13:12:53",
    "tgl_jatuh_tempo_selanjutnya": "2020-12-23 13:12:53",
    "sisa_pinjaman_berjalan": -433079568,
    "id_status_pinjaman": 1,
    "nilai_pembayaran": "19498389"
  },
  {
    "id_penyelenggara": "810045",
    "id_pinjaman": "4128",
    "id_borrower": "37756",
    "id_transaksi": "173198",
    "id_pembayaran": "126",
    "tgl_jatuh_tempo": "2021-03-18 22:40:17",
    "tgl_jatuh_tempo_selanjutnya": "2021-03-18 22:40:17",
    "sisa_pinjaman_berjalan": -275000,
    "id_status_pinjaman": 1,
    "nilai_pembayaran": "15000"
  }
]