[
  {
    "id_penyelenggara": "810045",
    "id_pengguna": "37359",
    "id_lender": "37359",
    "id_negara_domisili": 0,
    "id_kewarganegaraan": 0,
    "sumber_dana": "dana pribadi"
  },
  {
    "id_penyelenggara": "810045",
    "id_pengguna": "37360",
    "id_lender": "37360",
    "id_negara_domisili": 0,
    "id_kewarganegaraan": 0,
    "sumber_dana": "dana pribadi"
  },
  {
    "id_penyelenggara": "810045",
    "id_pengguna": "37361",
    "id_lender": "37361",
    "id_negara_domisili": 0,
    "id_kewarganegaraan": 0,
    "sumber_dana": "dana pribadi"
  },
  {
    "id_penyelenggara": "810045",
    "id_pengguna": "37362",
    "id_lender": "37362",
    "id_negara_domisili": 0,
    "id_kewarganegaraan": 0,
    "sumber_dana": "dana pribadi"
  },
  {
    "id_penyelenggara": "810045",
    "id_pengguna": "37363",
    "id_lender": "37363",
    "id_negara_domisili": 0,
    "id_kewarganegaraan": 0,
    "sumber_dana": "dana pribadi"
  },
  {
    "id_penyelenggara": "810045",
    "id_pengguna": "37364",
    "id_lender": "37364",
    "id_negara_domisili": 0,
    "id_kewarganegaraan": 0,
    "sumber_dana": "dana pribadi"
  },
  {
    "id_penyelenggara": "810045",
    "id_pengguna": "356",
    "id_lender": "356",
    "id_negara_domisili": 0,
    "id_kewarganegaraan": 0,
    "sumber_dana": "dana pribadi"
  }
]