[
  {
    "id_penyelenggara": "810045",
    "id_pinjaman": "4",
    "id_borrower": "43",
    "id_lender": "44",
    "id_transaksi": "1",
    "no_perjanjian_lender": "",
    "tgl_perjanjian_lender": "",
    "nilai_pendanaan": 100000000,
    "suku_bunga_pinjaman": 0,
    "satuan_suku_bunga_pinjaman": 4,
    "id_jenis_pembayaran": 2,
    "id_frekuensi_pembayaran": 5,
    "nilai_angsuran": 100000000,
    "jangka_waktu_pinjaman": 180,
    "satuan_jangka_waktu_pinjaman": 1,
    "tgl_jatuh_tempo": "2017-09-04 07:30:18",
    "tgl_pendanaan": "2017-3-08",
    "tgl_penyaluran_dana": "2017-3-08",
    "no_ea_transaksi": "0838531291",
    "frekuensi_pinjaman": 1
  },
  {
    "id_penyelenggara": "810045",
    "id_pinjaman": "4",
    "id_borrower": "43",
    "id_lender": "46",
    "id_transaksi": "3",
    "no_perjanjian_lender": "",
    "tgl_perjanjian_lender": "",
    "nilai_pendanaan": 100000000,
    "suku_bunga_pinjaman": 0,
    "satuan_suku_bunga_pinjaman": 4,
    "id_jenis_pembayaran": 2,
    "id_frekuensi_pembayaran": 5,
    "nilai_angsuran": 100000000,
    "jangka_waktu_pinjaman": 180,
    "satuan_jangka_waktu_pinjaman": 1,
    "tgl_jatuh_tempo": "2017-09-04 08:01:49",
    "tgl_pendanaan": "2017-3-08",
    "tgl_penyaluran_dana": "2017-3-08",
    "no_ea_transaksi": "0838531291",
    "frekuensi_pinjaman": 1
  },
  {
    "id_penyelenggara": "810045",
    "id_pinjaman": "4",
    "id_borrower": "43",
    "id_lender": "47",
    "id_transaksi": "4",
    "no_perjanjian_lender": "",
    "tgl_perjanjian_lender": "",
    "nilai_pendanaan": 100000000,
    "suku_bunga_pinjaman": 0,
    "satuan_suku_bunga_pinjaman": 4,
    "id_jenis_pembayaran": 2,
    "id_frekuensi_pembayaran": 5,
    "nilai_angsuran": 100000000,
    "jangka_waktu_pinjaman": 180,
    "satuan_jangka_waktu_pinjaman": 1,
    "tgl_jatuh_tempo": "2017-09-04 08:01:49",
    "tgl_pendanaan": "2017-3-08",
    "tgl_penyaluran_dana": "2017-3-08",
    "no_ea_transaksi": "0838531291",
    "frekuensi_pinjaman": 1
  },
  {
    "id_penyelenggara": "810045",
    "id_pinjaman": "4",
    "id_borrower": "43",
    "id_lender": "48",
    "id_transaksi": "5",
    "no_perjanjian_lender": "",
    "tgl_perjanjian_lender": "",
    "nilai_pendanaan": 100000000,
    "suku_bunga_pinjaman": 0,
    "satuan_suku_bunga_pinjaman": 4,
    "id_jenis_pembayaran": 2,
    "id_frekuensi_pembayaran": 5,
    "nilai_angsuran": 100000000,
    "jangka_waktu_pinjaman": 180,
    "satuan_jangka_waktu_pinjaman": 1,
    "tgl_jatuh_tempo": "2017-09-04 08:01:49",
    "tgl_pendanaan": "2017-3-08",
    "tgl_penyaluran_dana": "2017-3-08",
    "no_ea_transaksi": "0838531291",
    "frekuensi_pinjaman": 1
  },
  {
    "id_penyelenggara": "810045",
    "id_pinjaman": "4",
    "id_borrower": "43",
    "id_lender": "49",
    "id_transaksi": "6",
    "no_perjanjian_lender": "",
    "tgl_perjanjian_lender": "",
    "nilai_pendanaan": 100000000,
    "suku_bunga_pinjaman": 0,
    "satuan_suku_bunga_pinjaman": 4,
    "id_jenis_pembayaran": 2,
    "id_frekuensi_pembayaran": 5,
    "nilai_angsuran": 100000000,
    "jangka_waktu_pinjaman": 180,
    "satuan_jangka_waktu_pinjaman": 1,
    "tgl_jatuh_tempo": "2017-09-06 07:04:39",
    "tgl_pendanaan": "2017-3-10",
    "tgl_penyaluran_dana": "2017-3-10",
    "no_ea_transaksi": "0838531291",
    "frekuensi_pinjaman": 1
  },
  {
    "id_penyelenggara": "810045",
    "id_pinjaman": "4",
    "id_borrower": "43",
    "id_lender": "50",
    "id_transaksi": "7",
    "no_perjanjian_lender": "",
    "tgl_perjanjian_lender": "",
    "nilai_pendanaan": 100000000,
    "suku_bunga_pinjaman": 0,
    "satuan_suku_bunga_pinjaman": 4,
    "id_jenis_pembayaran": 2,
    "id_frekuensi_pembayaran": 5,
    "nilai_angsuran": 100000000,
    "jangka_waktu_pinjaman": 180,
    "satuan_jangka_waktu_pinjaman": 1,
    "tgl_jatuh_tempo": "2017-09-04 08:01:50",
    "tgl_pendanaan": "2017-3-08",
    "tgl_penyaluran_dana": "2017-3-08",
    "no_ea_transaksi": "0838531291",
    "frekuensi_pinjaman": 1
  },
  {
    "id_penyelenggara": "810045",
    "id_pinjaman": "4",
    "id_borrower": "43",
    "id_lender": "51",
    "id_transaksi": "8",
    "no_perjanjian_lender": "",
    "tgl_perjanjian_lender": "",
    "nilai_pendanaan": 100000000,
    "suku_bunga_pinjaman": 0,
    "satuan_suku_bunga_pinjaman": 4,
    "id_jenis_pembayaran": 2,
    "id_frekuensi_pembayaran": 5,
    "nilai_angsuran": 100000000,
    "jangka_waktu_pinjaman": 180,
    "satuan_jangka_waktu_pinjaman": 1,
    "tgl_jatuh_tempo": "2017-09-04 08:01:50",
    "tgl_pendanaan": "2017-3-08",
    "tgl_penyaluran_dana": "2017-3-08",
    "no_ea_transaksi": "0838531291",
    "frekuensi_pinjaman": 1
  },
  {
    "id_penyelenggara": "810045",
    "id_pinjaman": "4",
    "id_borrower": "43",
    "id_lender": "52",
    "id_transaksi": "9",
    "no_perjanjian_lender": "",
    "tgl_perjanjian_lender": "",
    "nilai_pendanaan": 100000000,
    "suku_bunga_pinjaman": 0,
    "satuan_suku_bunga_pinjaman": 4,
    "id_jenis_pembayaran": 2,
    "id_frekuensi_pembayaran": 5,
    "nilai_angsuran": 100000000,
    "jangka_waktu_pinjaman": 180,
    "satuan_jangka_waktu_pinjaman": 1,
    "tgl_jatuh_tempo": "2017-09-04 08:01:51",
    "tgl_pendanaan": "2017-3-08",
    "tgl_penyaluran_dana": "2017-3-08",
    "no_ea_transaksi": "0838531291",
    "frekuensi_pinjaman": 1
  },
  {
    "id_penyelenggara": "810045",
    "id_pinjaman": "4",
    "id_borrower": "43",
    "id_lender": "53",
    "id_transaksi": "10",
    "no_perjanjian_lender": "",
    "tgl_perjanjian_lender": "",
    "nilai_pendanaan": 100000000,
    "suku_bunga_pinjaman": 0,
    "satuan_suku_bunga_pinjaman": 4,
    "id_jenis_pembayaran": 2,
    "id_frekuensi_pembayaran": 5,
    "nilai_angsuran": 100000000,
    "jangka_waktu_pinjaman": 180,
    "satuan_jangka_waktu_pinjaman": 1,
    "tgl_jatuh_tempo": "2017-09-04 08:01:51",
    "tgl_pendanaan": "2017-3-08",
    "tgl_penyaluran_dana": "2017-3-08",
    "no_ea_transaksi": "0838531291",
    "frekuensi_pinjaman": 1
  },
  {
    "id_penyelenggara": "810045",
    "id_pinjaman": "15",
    "id_borrower": "62",
    "id_lender": "64",
    "id_transaksi": "11",
    "no_perjanjian_lender": "",
    "tgl_perjanjian_lender": "",
    "nilai_pendanaan": 39000000,
    "suku_bunga_pinjaman": 0,
    "satuan_suku_bunga_pinjaman": 4,
    "id_jenis_pembayaran": 2,
    "id_frekuensi_pembayaran": 5,
    "nilai_angsuran": 39000000,
    "jangka_waktu_pinjaman": 180,
    "satuan_jangka_waktu_pinjaman": 1,
    "tgl_jatuh_tempo": "2017-09-04 08:01:50",
    "tgl_pendanaan": "2017-3-08",
    "tgl_penyaluran_dana": "2017-3-08",
    "no_ea_transaksi": "0838531291",
    "frekuensi_pinjaman": 1
  },
  {
    "id_penyelenggara": "810045",
    "id_pinjaman": "16",
    "id_borrower": "60",
    "id_lender": "64",
    "id_transaksi": "12",
    "no_perjanjian_lender": "",
    "tgl_perjanjian_lender": "",
    "nilai_pendanaan": 20000000,
    "suku_bunga_pinjaman": 0,
    "satuan_suku_bunga_pinjaman": 4,
    "id_jenis_pembayaran": 2,
    "id_frekuensi_pembayaran": 5,
    "nilai_angsuran": 20000000,
    "jangka_waktu_pinjaman": 180,
    "satuan_jangka_waktu_pinjaman": 1,
    "tgl_jatuh_tempo": "2017-09-04 08:01:50",
    "tgl_pendanaan": "2017-3-08",
    "tgl_penyaluran_dana": "2017-3-08",
    "no_ea_transaksi": "0838531291",
    "frekuensi_pinjaman": 1
  },
  {
    "id_penyelenggara": "810045",
    "id_pinjaman": "7",
    "id_borrower": "55",
    "id_lender": "64",
    "id_transaksi": "13",
    "no_perjanjian_lender": "",
    "tgl_perjanjian_lender": "",
    "nilai_pendanaan": 44299900,
    "suku_bunga_pinjaman": 0,
    "satuan_suku_bunga_pinjaman": 4,
    "id_jenis_pembayaran": 2,
    "id_frekuensi_pembayaran": 5,
    "nilai_angsuran": 44299900,
    "jangka_waktu_pinjaman": 120,
    "satuan_jangka_waktu_pinjaman": 1,
    "tgl_jatuh_tempo": "2017-07-06 08:01:50",
    "tgl_pendanaan": "2017-3-08",
    "tgl_penyaluran_dana": "2017-3-08",
    "no_ea_transaksi": "0838531291",
    "frekuensi_pinjaman": 1
  },
  {
    "id_penyelenggara": "810045",
    "id_pinjaman": "8",
    "id_borrower": "43",
    "id_lender": "64",
    "id_transaksi": "14",
    "no_perjanjian_lender": "",
    "tgl_perjanjian_lender": "",
    "nilai_pendanaan": 29100000,
    "suku_bunga_pinjaman": 0,
    "satuan_suku_bunga_pinjaman": 4,
    "id_jenis_pembayaran": 2,
    "id_frekuensi_pembayaran": 5,
    "nilai_angsuran": 29100000,
    "jangka_waktu_pinjaman": 180,
    "satuan_jangka_waktu_pinjaman": 1,
    "tgl_jatuh_tempo": "2017-09-04 08:01:50",
    "tgl_pendanaan": "2017-3-08",
    "tgl_penyaluran_dana": "2017-3-08",
    "no_ea_transaksi": "0838531291",
    "frekuensi_pinjaman": 1
  },
  {
    "id_penyelenggara": "810045",
    "id_pinjaman": "6",
    "id_borrower": "54",
    "id_lender": "64",
    "id_transaksi": "15",
    "no_perjanjian_lender": "",
    "tgl_perjanjian_lender": "",
    "nilai_pendanaan": 12647588,
    "suku_bunga_pinjaman": 0,
    "satuan_suku_bunga_pinjaman": 4,
    "id_jenis_pembayaran": 2,
    "id_frekuensi_pembayaran": 5,
    "nilai_angsuran": 12647588,
    "jangka_waktu_pinjaman": 180,
    "satuan_jangka_waktu_pinjaman": 1,
    "tgl_jatuh_tempo": "2017-09-04 08:01:50",
    "tgl_pendanaan": "2017-3-08",
    "tgl_penyaluran_dana": "2017-3-08",
    "no_ea_transaksi": "0838531291",
    "frekuensi_pinjaman": 1
  },
  {
    "id_penyelenggara": "810045",
    "id_pinjaman": "15",
    "id_borrower": "62",
    "id_lender": "45",
    "id_transaksi": "16",
    "no_perjanjian_lender": "",
    "tgl_perjanjian_lender": "",
    "nilai_pendanaan": 39000000,
    "suku_bunga_pinjaman": 0,
    "satuan_suku_bunga_pinjaman": 4,
    "id_jenis_pembayaran": 2,
    "id_frekuensi_pembayaran": 5,
    "nilai_angsuran": 39000000,
    "jangka_waktu_pinjaman": 180,
    "satuan_jangka_waktu_pinjaman": 1,
    "tgl_jatuh_tempo": "2017-09-08 08:42:13",
    "tgl_pendanaan": "2017-3-12",
    "tgl_penyaluran_dana": "2017-3-12",
    "no_ea_transaksi": "0838531291",
    "frekuensi_pinjaman": 1
  },
  {
    "id_penyelenggara": "810045",
    "id_pinjaman": "16",
    "id_borrower": "60",
    "id_lender": "45",
    "id_transaksi": "17",
    "no_perjanjian_lender": "",
    "tgl_perjanjian_lender": "",
    "nilai_pendanaan": 20000000,
    "suku_bunga_pinjaman": 0,
    "satuan_suku_bunga_pinjaman": 4,
    "id_jenis_pembayaran": 2,
    "id_frekuensi_pembayaran": 5,
    "nilai_angsuran": 20000000,
    "jangka_waktu_pinjaman": 180,
    "satuan_jangka_waktu_pinjaman": 1,
    "tgl_jatuh_tempo": "2017-09-08 08:42:13",
    "tgl_pendanaan": "2017-3-12",
    "tgl_penyaluran_dana": "2017-3-12",
    "no_ea_transaksi": "0838531291",
    "frekuensi_pinjaman": 1
  },
  {
    "id_penyelenggara": "810045",
    "id_pinjaman": "7",
    "id_borrower": "55",
    "id_lender": "45",
    "id_transaksi": "18",
    "no_perjanjian_lender": "",
    "tgl_perjanjian_lender": "",
    "nilai_pendanaan": 44299900,
    "suku_bunga_pinjaman": 0,
    "satuan_suku_bunga_pinjaman": 4,
    "id_jenis_pembayaran": 2,
    "id_frekuensi_pembayaran": 5,
    "nilai_angsuran": 44299900,
    "jangka_waktu_pinjaman": 120,
    "satuan_jangka_waktu_pinjaman": 1,
    "tgl_jatuh_tempo": "2017-07-10 08:42:13",
    "tgl_pendanaan": "2017-3-12",
    "tgl_penyaluran_dana": "2017-3-12",
    "no_ea_transaksi": "0838531291",
    "frekuensi_pinjaman": 1
  },
  {
    "id_penyelenggara": "810045",
    "id_pinjaman": "8",
    "id_borrower": "43",
    "id_lender": "45",
    "id_transaksi": "19",
    "no_perjanjian_lender": "",
    "tgl_perjanjian_lender": "",
    "nilai_pendanaan": 29100000,
    "suku_bunga_pinjaman": 0,
    "satuan_suku_bunga_pinjaman": 4,
    "id_jenis_pembayaran": 2,
    "id_frekuensi_pembayaran": 5,
    "nilai_angsuran": 29100000,
    "jangka_waktu_pinjaman": 180,
    "satuan_jangka_waktu_pinjaman": 1,
    "tgl_jatuh_tempo": "2017-09-08 08:42:13",
    "tgl_pendanaan": "2017-3-12",
    "tgl_penyaluran_dana": "2017-3-12",
    "no_ea_transaksi": "0838531291",
    "frekuensi_pinjaman": 1
  },
  {
    "id_penyelenggara": "810045",
    "id_pinjaman": "6",
    "id_borrower": "54",
    "id_lender": "45",
    "id_transaksi": "20",
    "no_perjanjian_lender": "",
    "tgl_perjanjian_lender": "",
    "nilai_pendanaan": 12647588,
    "suku_bunga_pinjaman": 0,
    "satuan_suku_bunga_pinjaman": 4,
    "id_jenis_pembayaran": 2,
    "id_frekuensi_pembayaran": 5,
    "nilai_angsuran": 12647588,
    "jangka_waktu_pinjaman": 180,
    "satuan_jangka_waktu_pinjaman": 1,
    "tgl_jatuh_tempo": "2017-09-08 08:42:13",
    "tgl_pendanaan": "2017-3-12",
    "tgl_penyaluran_dana": "2017-3-12",
    "no_ea_transaksi": "0838531291",
    "frekuensi_pinjaman": 1
  },
  {
    "id_penyelenggara": "810045",
    "id_pinjaman": "6",
    "id_borrower": "54",
    "id_lender": "52",
    "id_transaksi": "21",
    "no_perjanjian_lender": "",
    "tgl_perjanjian_lender": "",
    "nilai_pendanaan": 12647588,
    "suku_bunga_pinjaman": 0,
    "satuan_suku_bunga_pinjaman": 4,
    "id_jenis_pembayaran": 2,
    "id_frekuensi_pembayaran": 5,
    "nilai_angsuran": 12647588,
    "jangka_waktu_pinjaman": 180,
    "satuan_jangka_waktu_pinjaman": 1,
    "tgl_jatuh_tempo": "2017-09-04 08:01:52",
    "tgl_pendanaan": "2017-3-08",
    "tgl_penyaluran_dana": "2017-3-08",
    "no_ea_transaksi": "0838531291",
    "frekuensi_pinjaman": 1
  },
  {
    "id_penyelenggara": "810045",
    "id_pinjaman": "8",
    "id_borrower": "43",
    "id_lender": "52",
    "id_transaksi": "22",
    "no_perjanjian_lender": "",
    "tgl_perjanjian_lender": "",
    "nilai_pendanaan": 29100000,
    "suku_bunga_pinjaman": 0,
    "satuan_suku_bunga_pinjaman": 4,
    "id_jenis_pembayaran": 2,
    "id_frekuensi_pembayaran": 5,
    "nilai_angsuran": 29100000,
    "jangka_waktu_pinjaman": 180,
    "satuan_jangka_waktu_pinjaman": 1,
    "tgl_jatuh_tempo": "2017-09-04 08:01:52",
    "tgl_pendanaan": "2017-3-08",
    "tgl_penyaluran_dana": "2017-3-08",
    "no_ea_transaksi": "0838531291",
    "frekuensi_pinjaman": 1
  },
  {
    "id_penyelenggara": "810045",
    "id_pinjaman": "7",
    "id_borrower": "55",
    "id_lender": "52",
    "id_transaksi": "23",
    "no_perjanjian_lender": "",
    "tgl_perjanjian_lender": "",
    "nilai_pendanaan": 44299900,
    "suku_bunga_pinjaman": 0,
    "satuan_suku_bunga_pinjaman": 4,
    "id_jenis_pembayaran": 2,
    "id_frekuensi_pembayaran": 5,
    "nilai_angsuran": 44299900,
    "jangka_waktu_pinjaman": 120,
    "satuan_jangka_waktu_pinjaman": 1,
    "tgl_jatuh_tempo": "2017-07-06 08:01:52",
    "tgl_pendanaan": "2017-3-08",
    "tgl_penyaluran_dana": "2017-3-08",
    "no_ea_transaksi": "0838531291",
    "frekuensi_pinjaman": 1
  },
  {
    "id_penyelenggara": "810045",
    "id_pinjaman": "16",
    "id_borrower": "60",
    "id_lender": "52",
    "id_transaksi": "24",
    "no_perjanjian_lender": "",
    "tgl_perjanjian_lender": "",
    "nilai_pendanaan": 20000000,
    "suku_bunga_pinjaman": 0,
    "satuan_suku_bunga_pinjaman": 4,
    "id_jenis_pembayaran": 2,
    "id_frekuensi_pembayaran": 5,
    "nilai_angsuran": 20000000,
    "jangka_waktu_pinjaman": 180,
    "satuan_jangka_waktu_pinjaman": 1,
    "tgl_jatuh_tempo": "2017-09-04 08:01:52",
    "tgl_pendanaan": "2017-3-08",
    "tgl_penyaluran_dana": "2017-3-08",
    "no_ea_transaksi": "0838531291",
    "frekuensi_pinjaman": 1
  },
  {
    "id_penyelenggara": "810045",
    "id_pinjaman": "15",
    "id_borrower": "62",
    "id_lender": "52",
    "id_transaksi": "25",
    "no_perjanjian_lender": "",
    "tgl_perjanjian_lender": "",
    "nilai_pendanaan": 39000000,
    "suku_bunga_pinjaman": 0,
    "satuan_suku_bunga_pinjaman": 4,
    "id_jenis_pembayaran": 2,
    "id_frekuensi_pembayaran": 5,
    "nilai_angsuran": 39000000,
    "jangka_waktu_pinjaman": 180,
    "satuan_jangka_waktu_pinjaman": 1,
    "tgl_jatuh_tempo": "2017-09-04 08:01:52",
    "tgl_pendanaan": "2017-3-08",
    "tgl_penyaluran_dana": "2017-3-08",
    "no_ea_transaksi": "0838531291",
    "frekuensi_pinjaman": 1
  },
  {
    "id_penyelenggara": "810045",
    "id_pinjaman": "15",
    "id_borrower": "62",
    "id_lender": "73",
    "id_transaksi": "26",
    "no_perjanjian_lender": "",
    "tgl_perjanjian_lender": "",
    "nilai_pendanaan": 39000000,
    "suku_bunga_pinjaman": 0,
    "satuan_suku_bunga_pinjaman": 4,
    "id_jenis_pembayaran": 2,
    "id_frekuensi_pembayaran": 5,
    "nilai_angsuran": 39000000,
    "jangka_waktu_pinjaman": 180,
    "satuan_jangka_waktu_pinjaman": 1,
    "tgl_jatuh_tempo": "2017-09-08 08:44:53",
    "tgl_pendanaan": "2017-3-12",
    "tgl_penyaluran_dana": "2017-3-12",
    "no_ea_transaksi": "0838531291",
    "frekuensi_pinjaman": 1
  },
  {
    "id_penyelenggara": "810045",
    "id_pinjaman": "16",
    "id_borrower": "60",
    "id_lender": "73",
    "id_transaksi": "27",
    "no_perjanjian_lender": "",
    "tgl_perjanjian_lender": "",
    "nilai_pendanaan": 20000000,
    "suku_bunga_pinjaman": 0,
    "satuan_suku_bunga_pinjaman": 4,
    "id_jenis_pembayaran": 2,
    "id_frekuensi_pembayaran": 5,
    "nilai_angsuran": 20000000,
    "jangka_waktu_pinjaman": 180,
    "satuan_jangka_waktu_pinjaman": 1,
    "tgl_jatuh_tempo": "2017-09-08 08:44:53",
    "tgl_pendanaan": "2017-3-12",
    "tgl_penyaluran_dana": "2017-3-12",
    "no_ea_transaksi": "0838531291",
    "frekuensi_pinjaman": 1
  },
  {
    "id_penyelenggara": "810045",
    "id_pinjaman": "7",
    "id_borrower": "55",
    "id_lender": "73",
    "id_transaksi": "28",
    "no_perjanjian_lender": "",
    "tgl_perjanjian_lender": "",
    "nilai_pendanaan": 44299900,
    "suku_bunga_pinjaman": 0,
    "satuan_suku_bunga_pinjaman": 4,
    "id_jenis_pembayaran": 2,
    "id_frekuensi_pembayaran": 5,
    "nilai_angsuran": 44299900,
    "jangka_waktu_pinjaman": 120,
    "satuan_jangka_waktu_pinjaman": 1,
    "tgl_jatuh_tempo": "2017-07-10 08:44:53",
    "tgl_pendanaan": "2017-3-12",
    "tgl_penyaluran_dana": "2017-3-12",
    "no_ea_transaksi": "0838531291",
    "frekuensi_pinjaman": 1
  },
  {
    "id_penyelenggara": "810045",
    "id_pinjaman": "8",
    "id_borrower": "43",
    "id_lender": "73",
    "id_transaksi": "29",
    "no_perjanjian_lender": "",
    "tgl_perjanjian_lender": "",
    "nilai_pendanaan": 29100000,
    "suku_bunga_pinjaman": 0,
    "satuan_suku_bunga_pinjaman": 4,
    "id_jenis_pembayaran": 2,
    "id_frekuensi_pembayaran": 5,
    "nilai_angsuran": 29100000,
    "jangka_waktu_pinjaman": 180,
    "satuan_jangka_waktu_pinjaman": 1,
    "tgl_jatuh_tempo": "2017-09-08 08:44:53",
    "tgl_pendanaan": "2017-3-12",
    "tgl_penyaluran_dana": "2017-3-12",
    "no_ea_transaksi": "0838531291",
    "frekuensi_pinjaman": 1
  },
  {
    "id_penyelenggara": "810045",
    "id_pinjaman": "6",
    "id_borrower": "54",
    "id_lender": "73",
    "id_transaksi": "30",
    "no_perjanjian_lender": "",
    "tgl_perjanjian_lender": "",
    "nilai_pendanaan": 12647588,
    "suku_bunga_pinjaman": 0,
    "satuan_suku_bunga_pinjaman": 4,
    "id_jenis_pembayaran": 2,
    "id_frekuensi_pembayaran": 5,
    "nilai_angsuran": 12647588,
    "jangka_waktu_pinjaman": 180,
    "satuan_jangka_waktu_pinjaman": 1,
    "tgl_jatuh_tempo": "2017-09-08 08:44:53",
    "tgl_pendanaan": "2017-3-12",
    "tgl_penyaluran_dana": "2017-3-12",
    "no_ea_transaksi": "0838531291",
    "frekuensi_pinjaman": 1
  },
  {
    "id_penyelenggara": "810045",
    "id_pinjaman": "8",
    "id_borrower": "43",
    "id_lender": "74",
    "id_transaksi": "31",
    "no_perjanjian_lender": "",
    "tgl_perjanjian_lender": "",
    "nilai_pendanaan": 29100000,
    "suku_bunga_pinjaman": 0,
    "satuan_suku_bunga_pinjaman": 4,
    "id_jenis_pembayaran": 2,
    "id_frekuensi_pembayaran": 5,
    "nilai_angsuran": 29100000,
    "jangka_waktu_pinjaman": 180,
    "satuan_jangka_waktu_pinjaman": 1,
    "tgl_jatuh_tempo": "2017-09-04 08:01:51",
    "tgl_pendanaan": "2017-3-08",
    "tgl_penyaluran_dana": "2017-3-08",
    "no_ea_transaksi": "0838531291",
    "frekuensi_pinjaman": 1
  },
  {
    "id_penyelenggara": "810045",
    "id_pinjaman": "15",
    "id_borrower": "62",
    "id_lender": "66",
    "id_transaksi": "32",
    "no_perjanjian_lender": "",
    "tgl_perjanjian_lender": "",
    "nilai_pendanaan": 39000000,
    "suku_bunga_pinjaman": 0,
    "satuan_suku_bunga_pinjaman": 4,
    "id_jenis_pembayaran": 2,
    "id_frekuensi_pembayaran": 5,
    "nilai_angsuran": 39000000,
    "jangka_waktu_pinjaman": 180,
    "satuan_jangka_waktu_pinjaman": 1,
    "tgl_jatuh_tempo": "2017-09-04 08:01:51",
    "tgl_pendanaan": "2017-3-08",
    "tgl_penyaluran_dana": "2017-3-08",
    "no_ea_transaksi": "0838531291",
    "frekuensi_pinjaman": 1
  },
  {
    "id_penyelenggara": "810045",
    "id_pinjaman": "16",
    "id_borrower": "60",
    "id_lender": "66",
    "id_transaksi": "33",
    "no_perjanjian_lender": "",
    "tgl_perjanjian_lender": "",
    "nilai_pendanaan": 20000000,
    "suku_bunga_pinjaman": 0,
    "satuan_suku_bunga_pinjaman": 4,
    "id_jenis_pembayaran": 2,
    "id_frekuensi_pembayaran": 5,
    "nilai_angsuran": 20000000,
    "jangka_waktu_pinjaman": 180,
    "satuan_jangka_waktu_pinjaman": 1,
    "tgl_jatuh_tempo": "2017-09-04 08:01:51",
    "tgl_pendanaan": "2017-3-08",
    "tgl_penyaluran_dana": "2017-3-08",
    "no_ea_transaksi": "0838531291",
    "frekuensi_pinjaman": 1
  },
  {
    "id_penyelenggara": "810045",
    "id_pinjaman": "7",
    "id_borrower": "55",
    "id_lender": "66",
    "id_transaksi": "34",
    "no_perjanjian_lender": "",
    "tgl_perjanjian_lender": "",
    "nilai_pendanaan": 44299900,
    "suku_bunga_pinjaman": 0,
    "satuan_suku_bunga_pinjaman": 4,
    "id_jenis_pembayaran": 2,
    "id_frekuensi_pembayaran": 5,
    "nilai_angsuran": 44299900,
    "jangka_waktu_pinjaman": 120,
    "satuan_jangka_waktu_pinjaman": 1,
    "tgl_jatuh_tempo": "2017-07-06 08:01:51",
    "tgl_pendanaan": "2017-3-08",
    "tgl_penyaluran_dana": "2017-3-08",
    "no_ea_transaksi": "0838531291",
    "frekuensi_pinjaman": 1
  },
  {
    "id_penyelenggara": "810045",
    "id_pinjaman": "8",
    "id_borrower": "43",
    "id_lender": "66",
    "id_transaksi": "35",
    "no_perjanjian_lender": "",
    "tgl_perjanjian_lender": "",
    "nilai_pendanaan": 29100000,
    "suku_bunga_pinjaman": 0,
    "satuan_suku_bunga_pinjaman": 4,
    "id_jenis_pembayaran": 2,
    "id_frekuensi_pembayaran": 5,
    "nilai_angsuran": 29100000,
    "jangka_waktu_pinjaman": 180,
    "satuan_jangka_waktu_pinjaman": 1,
    "tgl_jatuh_tempo": "2017-09-04 08:01:51",
    "tgl_pendanaan": "2017-3-08",
    "tgl_penyaluran_dana": "2017-3-08",
    "no_ea_transaksi": "0838531291",
    "frekuensi_pinjaman": 1
  },
  {
    "id_penyelenggara": "810045",
    "id_pinjaman": "6",
    "id_borrower": "54",
    "id_lender": "66",
    "id_transaksi": "36",
    "no_perjanjian_lender": "",
    "tgl_perjanjian_lender": "",
    "nilai_pendanaan": 12647588,
    "suku_bunga_pinjaman": 0,
    "satuan_suku_bunga_pinjaman": 4,
    "id_jenis_pembayaran": 2,
    "id_frekuensi_pembayaran": 5,
    "nilai_angsuran": 12647588,
    "jangka_waktu_pinjaman": 180,
    "satuan_jangka_waktu_pinjaman": 1,
    "tgl_jatuh_tempo": "2017-09-04 08:01:51",
    "tgl_pendanaan": "2017-3-08",
    "tgl_penyaluran_dana": "2017-3-08",
    "no_ea_transaksi": "0838531291",
    "frekuensi_pinjaman": 1
  },
  {
    "id_penyelenggara": "810045",
    "id_pinjaman": "15",
    "id_borrower": "62",
    "id_lender": "75",
    "id_transaksi": "37",
    "no_perjanjian_lender": "",
    "tgl_perjanjian_lender": "",
    "nilai_pendanaan": 39000000,
    "suku_bunga_pinjaman": 0,
    "satuan_suku_bunga_pinjaman": 4,
    "id_jenis_pembayaran": 2,
    "id_frekuensi_pembayaran": 5,
    "nilai_angsuran": 39000000,
    "jangka_waktu_pinjaman": 180,
    "satuan_jangka_waktu_pinjaman": 1,
    "tgl_jatuh_tempo": "2017-09-04 08:01:53",
    "tgl_pendanaan": "2017-3-08",
    "tgl_penyaluran_dana": "2017-3-08",
    "no_ea_transaksi": "0838531291",
    "frekuensi_pinjaman": 1
  },
  {
    "id_penyelenggara": "810045",
    "id_pinjaman": "16",
    "id_borrower": "60",
    "id_lender": "75",
    "id_transaksi": "38",
    "no_perjanjian_lender": "",
    "tgl_perjanjian_lender": "",
    "nilai_pendanaan": 20000000,
    "suku_bunga_pinjaman": 0,
    "satuan_suku_bunga_pinjaman": 4,
    "id_jenis_pembayaran": 2,
    "id_frekuensi_pembayaran": 5,
    "nilai_angsuran": 20000000,
    "jangka_waktu_pinjaman": 180,
    "satuan_jangka_waktu_pinjaman": 1,
    "tgl_jatuh_tempo": "2017-09-04 08:01:53",
    "tgl_pendanaan": "2017-3-08",
    "tgl_penyaluran_dana": "2017-3-08",
    "no_ea_transaksi": "0838531291",
    "frekuensi_pinjaman": 1
  },
  {
    "id_penyelenggara": "810045",
    "id_pinjaman": "7",
    "id_borrower": "55",
    "id_lender": "75",
    "id_transaksi": "39",
    "no_perjanjian_lender": "",
    "tgl_perjanjian_lender": "",
    "nilai_pendanaan": 44299900,
    "suku_bunga_pinjaman": 0,
    "satuan_suku_bunga_pinjaman": 4,
    "id_jenis_pembayaran": 2,
    "id_frekuensi_pembayaran": 5,
    "nilai_angsuran": 44299900,
    "jangka_waktu_pinjaman": 120,
    "satuan_jangka_waktu_pinjaman": 1,
    "tgl_jatuh_tempo": "2017-07-06 08:01:53",
    "tgl_pendanaan": "2017-3-08",
    "tgl_penyaluran_dana": "2017-3-08",
    "no_ea_transaksi": "0838531291",
    "frekuensi_pinjaman": 1
  },
  {
    "id_penyelenggara": "810045",
    "id_pinjaman": "8",
    "id_borrower": "43",
    "id_lender": "75",
    "id_transaksi": "40",
    "no_perjanjian_lender": "",
    "tgl_perjanjian_lender": "",
    "nilai_pendanaan": 29100000,
    "suku_bunga_pinjaman": 0,
    "satuan_suku_bunga_pinjaman": 4,
    "id_jenis_pembayaran": 2,
    "id_frekuensi_pembayaran": 5,
    "nilai_angsuran": 29100000,
    "jangka_waktu_pinjaman": 180,
    "satuan_jangka_waktu_pinjaman": 1,
    "tgl_jatuh_tempo": "2017-09-04 08:01:53",
    "tgl_pendanaan": "2017-3-08",
    "tgl_penyaluran_dana": "2017-3-08",
    "no_ea_transaksi": "0838531291",
    "frekuensi_pinjaman": 1
  },
  {
    "id_penyelenggara": "810045",
    "id_pinjaman": "6",
    "id_borrower": "54",
    "id_lender": "75",
    "id_transaksi": "41",
    "no_perjanjian_lender": "",
    "tgl_perjanjian_lender": "",
    "nilai_pendanaan": 12647588,
    "suku_bunga_pinjaman": 0,
    "satuan_suku_bunga_pinjaman": 4,
    "id_jenis_pembayaran": 2,
    "id_frekuensi_pembayaran": 5,
    "nilai_angsuran": 12647588,
    "jangka_waktu_pinjaman": 180,
    "satuan_jangka_waktu_pinjaman": 1,
    "tgl_jatuh_tempo": "2017-09-04 08:01:53",
    "tgl_pendanaan": "2017-3-08",
    "tgl_penyaluran_dana": "2017-3-08",
    "no_ea_transaksi": "0838531291",
    "frekuensi_pinjaman": 1
  },
  {
    "id_penyelenggara": "810045",
    "id_pinjaman": "6",
    "id_borrower": "54",
    "id_lender": "65",
    "id_transaksi": "42",
    "no_perjanjian_lender": "",
    "tgl_perjanjian_lender": "",
    "nilai_pendanaan": 12647588,
    "suku_bunga_pinjaman": 0,
    "satuan_suku_bunga_pinjaman": 4,
    "id_jenis_pembayaran": 2,
    "id_frekuensi_pembayaran": 5,
    "nilai_angsuran": 12647588,
    "jangka_waktu_pinjaman": 180,
    "satuan_jangka_waktu_pinjaman": 1,
    "tgl_jatuh_tempo": "2017-09-08 08:44:01",
    "tgl_pendanaan": "2017-3-12",
    "tgl_penyaluran_dana": "2017-3-12",
    "no_ea_transaksi": "0838531291",
    "frekuensi_pinjaman": 1
  },
  {
    "id_penyelenggara": "810045",
    "id_pinjaman": "8",
    "id_borrower": "43",
    "id_lender": "65",
    "id_transaksi": "43",
    "no_perjanjian_lender": "",
    "tgl_perjanjian_lender": "",
    "nilai_pendanaan": 29100000,
    "suku_bunga_pinjaman": 0,
    "satuan_suku_bunga_pinjaman": 4,
    "id_jenis_pembayaran": 2,
    "id_frekuensi_pembayaran": 5,
    "nilai_angsuran": 29100000,
    "jangka_waktu_pinjaman": 180,
    "satuan_jangka_waktu_pinjaman": 1,
    "tgl_jatuh_tempo": "2017-09-08 08:44:01",
    "tgl_pendanaan": "2017-3-12",
    "tgl_penyaluran_dana": "2017-3-12",
    "no_ea_transaksi": "0838531291",
    "frekuensi_pinjaman": 1
  },
  {
    "id_penyelenggara": "810045",
    "id_pinjaman": "7",
    "id_borrower": "55",
    "id_lender": "65",
    "id_transaksi": "44",
    "no_perjanjian_lender": "",
    "tgl_perjanjian_lender": "",
    "nilai_pendanaan": 44299900,
    "suku_bunga_pinjaman": 0,
    "satuan_suku_bunga_pinjaman": 4,
    "id_jenis_pembayaran": 2,
    "id_frekuensi_pembayaran": 5,
    "nilai_angsuran": 44299900,
    "jangka_waktu_pinjaman": 120,
    "satuan_jangka_waktu_pinjaman": 1,
    "tgl_jatuh_tempo": "2017-07-10 08:44:01",
    "tgl_pendanaan": "2017-3-12",
    "tgl_penyaluran_dana": "2017-3-12",
    "no_ea_transaksi": "0838531291",
    "frekuensi_pinjaman": 1
  },
  {
    "id_penyelenggara": "810045",
    "id_pinjaman": "16",
    "id_borrower": "60",
    "id_lender": "65",
    "id_transaksi": "45",
    "no_perjanjian_lender": "",
    "tgl_perjanjian_lender": "",
    "nilai_pendanaan": 20000000,
    "suku_bunga_pinjaman": 0,
    "satuan_suku_bunga_pinjaman": 4,
    "id_jenis_pembayaran": 2,
    "id_frekuensi_pembayaran": 5,
    "nilai_angsuran": 20000000,
    "jangka_waktu_pinjaman": 180,
    "satuan_jangka_waktu_pinjaman": 1,
    "tgl_jatuh_tempo": "2017-09-08 08:44:01",
    "tgl_pendanaan": "2017-3-12",
    "tgl_penyaluran_dana": "2017-3-12",
    "no_ea_transaksi": "0838531291",
    "frekuensi_pinjaman": 1
  },
  {
    "id_penyelenggara": "810045",
    "id_pinjaman": "15",
    "id_borrower": "62",
    "id_lender": "65",
    "id_transaksi": "46",
    "no_perjanjian_lender": "",
    "tgl_perjanjian_lender": "",
    "nilai_pendanaan": 39000000,
    "suku_bunga_pinjaman": 0,
    "satuan_suku_bunga_pinjaman": 4,
    "id_jenis_pembayaran": 2,
    "id_frekuensi_pembayaran": 5,
    "nilai_angsuran": 39000000,
    "jangka_waktu_pinjaman": 180,
    "satuan_jangka_waktu_pinjaman": 1,
    "tgl_jatuh_tempo": "2017-09-08 08:44:01",
    "tgl_pendanaan": "2017-3-12",
    "tgl_penyaluran_dana": "2017-3-12",
    "no_ea_transaksi": "0838531291",
    "frekuensi_pinjaman": 1
  },
  {
    "id_penyelenggara": "810045",
    "id_pinjaman": "15",
    "id_borrower": "62",
    "id_lender": "76",
    "id_transaksi": "47",
    "no_perjanjian_lender": "",
    "tgl_perjanjian_lender": "",
    "nilai_pendanaan": 39000000,
    "suku_bunga_pinjaman": 0,
    "satuan_suku_bunga_pinjaman": 4,
    "id_jenis_pembayaran": 2,
    "id_frekuensi_pembayaran": 5,
    "nilai_angsuran": 39000000,
    "jangka_waktu_pinjaman": 180,
    "satuan_jangka_waktu_pinjaman": 1,
    "tgl_jatuh_tempo": "2017-09-04 08:01:53",
    "tgl_pendanaan": "2017-3-08",
    "tgl_penyaluran_dana": "2017-3-08",
    "no_ea_transaksi": "0838531291",
    "frekuensi_pinjaman": 1
  },
  {
    "id_penyelenggara": "810045",
    "id_pinjaman": "16",
    "id_borrower": "60",
    "id_lender": "76",
    "id_transaksi": "48",
    "no_perjanjian_lender": "",
    "tgl_perjanjian_lender": "",
    "nilai_pendanaan": 20000000,
    "suku_bunga_pinjaman": 0,
    "satuan_suku_bunga_pinjaman": 4,
    "id_jenis_pembayaran": 2,
    "id_frekuensi_pembayaran": 5,
    "nilai_angsuran": 20000000,
    "jangka_waktu_pinjaman": 180,
    "satuan_jangka_waktu_pinjaman": 1,
    "tgl_jatuh_tempo": "2017-09-04 08:01:53",
    "tgl_pendanaan": "2017-3-08",
    "tgl_penyaluran_dana": "2017-3-08",
    "no_ea_transaksi": "0838531291",
    "frekuensi_pinjaman": 1
  },
  {
    "id_penyelenggara": "810045",
    "id_pinjaman": "7",
    "id_borrower": "55",
    "id_lender": "76",
    "id_transaksi": "49",
    "no_perjanjian_lender": "",
    "tgl_perjanjian_lender": "",
    "nilai_pendanaan": 44299900,
    "suku_bunga_pinjaman": 0,
    "satuan_suku_bunga_pinjaman": 4,
    "id_jenis_pembayaran": 2,
    "id_frekuensi_pembayaran": 5,
    "nilai_angsuran": 44299900,
    "jangka_waktu_pinjaman": 120,
    "satuan_jangka_waktu_pinjaman": 1,
    "tgl_jatuh_tempo": "2017-07-06 08:01:53",
    "tgl_pendanaan": "2017-3-08",
    "tgl_penyaluran_dana": "2017-3-08",
    "no_ea_transaksi": "0838531291",
    "frekuensi_pinjaman": 1
  },
  {
    "id_penyelenggara": "810045",
    "id_pinjaman": "8",
    "id_borrower": "43",
    "id_lender": "76",
    "id_transaksi": "50",
    "no_perjanjian_lender": "",
    "tgl_perjanjian_lender": "",
    "nilai_pendanaan": 29100000,
    "suku_bunga_pinjaman": 0,
    "satuan_suku_bunga_pinjaman": 4,
    "id_jenis_pembayaran": 2,
    "id_frekuensi_pembayaran": 5,
    "nilai_angsuran": 29100000,
    "jangka_waktu_pinjaman": 180,
    "satuan_jangka_waktu_pinjaman": 1,
    "tgl_jatuh_tempo": "2017-09-04 08:01:53",
    "tgl_pendanaan": "2017-3-08",
    "tgl_penyaluran_dana": "2017-3-08",
    "no_ea_transaksi": "0838531291",
    "frekuensi_pinjaman": 1
  },
  {
    "id_penyelenggara": "810045",
    "id_pinjaman": "6",
    "id_borrower": "54",
    "id_lender": "76",
    "id_transaksi": "51",
    "no_perjanjian_lender": "",
    "tgl_perjanjian_lender": "",
    "nilai_pendanaan": 12647588,
    "suku_bunga_pinjaman": 0,
    "satuan_suku_bunga_pinjaman": 4,
    "id_jenis_pembayaran": 2,
    "id_frekuensi_pembayaran": 5,
    "nilai_angsuran": 12647588,
    "jangka_waktu_pinjaman": 180,
    "satuan_jangka_waktu_pinjaman": 1,
    "tgl_jatuh_tempo": "2017-09-04 08:01:53",
    "tgl_pendanaan": "2017-3-08",
    "tgl_penyaluran_dana": "2017-3-08",
    "no_ea_transaksi": "0838531291",
    "frekuensi_pinjaman": 1
  },
  {
    "id_penyelenggara": "810045",
    "id_pinjaman": "7",
    "id_borrower": "55",
    "id_lender": "67",
    "id_transaksi": "52",
    "no_perjanjian_lender": "",
    "tgl_perjanjian_lender": "",
    "nilai_pendanaan": 44299900,
    "suku_bunga_pinjaman": 0,
    "satuan_suku_bunga_pinjaman": 4,
    "id_jenis_pembayaran": 2,
    "id_frekuensi_pembayaran": 5,
    "nilai_angsuran": 44299900,
    "jangka_waktu_pinjaman": 120,
    "satuan_jangka_waktu_pinjaman": 1,
    "tgl_jatuh_tempo": "2017-07-06 08:01:53",
    "tgl_pendanaan": "2017-3-08",
    "tgl_penyaluran_dana": "2017-3-08",
    "no_ea_transaksi": "0838531291",
    "frekuensi_pinjaman": 1
  },
  {
    "id_penyelenggara": "810045",
    "id_pinjaman": "15",
    "id_borrower": "62",
    "id_lender": "77",
    "id_transaksi": "53",
    "no_perjanjian_lender": "",
    "tgl_perjanjian_lender": "",
    "nilai_pendanaan": 39000000,
    "suku_bunga_pinjaman": 0,
    "satuan_suku_bunga_pinjaman": 4,
    "id_jenis_pembayaran": 2,
    "id_frekuensi_pembayaran": 5,
    "nilai_angsuran": 39000000,
    "jangka_waktu_pinjaman": 180,
    "satuan_jangka_waktu_pinjaman": 1,
    "tgl_jatuh_tempo": "2017-09-04 08:01:53",
    "tgl_pendanaan": "2017-3-08",
    "tgl_penyaluran_dana": "2017-3-08",
    "no_ea_transaksi": "0838531291",
    "frekuensi_pinjaman": 1
  },
  {
    "id_penyelenggara": "810045",
    "id_pinjaman": "16",
    "id_borrower": "60",
    "id_lender": "77",
    "id_transaksi": "54",
    "no_perjanjian_lender": "",
    "tgl_perjanjian_lender": "",
    "nilai_pendanaan": 20000000,
    "suku_bunga_pinjaman": 0,
    "satuan_suku_bunga_pinjaman": 4,
    "id_jenis_pembayaran": 2,
    "id_frekuensi_pembayaran": 5,
    "nilai_angsuran": 20000000,
    "jangka_waktu_pinjaman": 180,
    "satuan_jangka_waktu_pinjaman": 1,
    "tgl_jatuh_tempo": "2017-09-04 08:01:53",
    "tgl_pendanaan": "2017-3-08",
    "tgl_penyaluran_dana": "2017-3-08",
    "no_ea_transaksi": "0838531291",
    "frekuensi_pinjaman": 1
  },
  {
    "id_penyelenggara": "810045",
    "id_pinjaman": "7",
    "id_borrower": "55",
    "id_lender": "77",
    "id_transaksi": "55",
    "no_perjanjian_lender": "",
    "tgl_perjanjian_lender": "",
    "nilai_pendanaan": 44299900,
    "suku_bunga_pinjaman": 0,
    "satuan_suku_bunga_pinjaman": 4,
    "id_jenis_pembayaran": 2,
    "id_frekuensi_pembayaran": 5,
    "nilai_angsuran": 44299900,
    "jangka_waktu_pinjaman": 120,
    "satuan_jangka_waktu_pinjaman": 1,
    "tgl_jatuh_tempo": "2017-07-06 08:01:53",
    "tgl_pendanaan": "2017-3-08",
    "tgl_penyaluran_dana": "2017-3-08",
    "no_ea_transaksi": "0838531291",
    "frekuensi_pinjaman": 1
  },
  {
    "id_penyelenggara": "810045",
    "id_pinjaman": "8",
    "id_borrower": "43",
    "id_lender": "77",
    "id_transaksi": "56",
    "no_perjanjian_lender": "",
    "tgl_perjanjian_lender": "",
    "nilai_pendanaan": 29100000,
    "suku_bunga_pinjaman": 0,
    "satuan_suku_bunga_pinjaman": 4,
    "id_jenis_pembayaran": 2,
    "id_frekuensi_pembayaran": 5,
    "nilai_angsuran": 29100000,
    "jangka_waktu_pinjaman": 180,
    "satuan_jangka_waktu_pinjaman": 1,
    "tgl_jatuh_tempo": "2017-09-04 08:01:53",
    "tgl_pendanaan": "2017-3-08",
    "tgl_penyaluran_dana": "2017-3-08",
    "no_ea_transaksi": "0838531291",
    "frekuensi_pinjaman": 1
  },
  {
    "id_penyelenggara": "810045",
    "id_pinjaman": "6",
    "id_borrower": "54",
    "id_lender": "77",
    "id_transaksi": "57",
    "no_perjanjian_lender": "",
    "tgl_perjanjian_lender": "",
    "nilai_pendanaan": 12647588,
    "suku_bunga_pinjaman": 0,
    "satuan_suku_bunga_pinjaman": 4,
    "id_jenis_pembayaran": 2,
    "id_frekuensi_pembayaran": 5,
    "nilai_angsuran": 12647588,
    "jangka_waktu_pinjaman": 180,
    "satuan_jangka_waktu_pinjaman": 1,
    "tgl_jatuh_tempo": "2017-09-04 08:01:53",
    "tgl_pendanaan": "2017-3-08",
    "tgl_penyaluran_dana": "2017-3-08",
    "no_ea_transaksi": "0838531291",
    "frekuensi_pinjaman": 1
  },
  {
    "id_penyelenggara": "810045",
    "id_pinjaman": "15",
    "id_borrower": "62",
    "id_lender": "78",
    "id_transaksi": "58",
    "no_perjanjian_lender": "",
    "tgl_perjanjian_lender": "",
    "nilai_pendanaan": 39000000,
    "suku_bunga_pinjaman": 0,
    "satuan_suku_bunga_pinjaman": 4,
    "id_jenis_pembayaran": 2,
    "id_frekuensi_pembayaran": 5,
    "nilai_angsuran": 39000000,
    "jangka_waktu_pinjaman": 180,
    "satuan_jangka_waktu_pinjaman": 1,
    "tgl_jatuh_tempo": "2017-09-04 08:01:54",
    "tgl_pendanaan": "2017-3-08",
    "tgl_penyaluran_dana": "2017-3-08",
    "no_ea_transaksi": "0838531291",
    "frekuensi_pinjaman": 1
  },
  {
    "id_penyelenggara": "810045",
    "id_pinjaman": "16",
    "id_borrower": "60",
    "id_lender": "78",
    "id_transaksi": "59",
    "no_perjanjian_lender": "",
    "tgl_perjanjian_lender": "",
    "nilai_pendanaan": 20000000,
    "suku_bunga_pinjaman": 0,
    "satuan_suku_bunga_pinjaman": 4,
    "id_jenis_pembayaran": 2,
    "id_frekuensi_pembayaran": 5,
    "nilai_angsuran": 20000000,
    "jangka_waktu_pinjaman": 180,
    "satuan_jangka_waktu_pinjaman": 1,
    "tgl_jatuh_tempo": "2017-09-04 08:01:54",
    "tgl_pendanaan": "2017-3-08",
    "tgl_penyaluran_dana": "2017-3-08",
    "no_ea_transaksi": "0838531291",
    "frekuensi_pinjaman": 1
  },
  {
    "id_penyelenggara": "810045",
    "id_pinjaman": "7",
    "id_borrower": "55",
    "id_lender": "78",
    "id_transaksi": "60",
    "no_perjanjian_lender": "",
    "tgl_perjanjian_lender": "",
    "nilai_pendanaan": 44299900,
    "suku_bunga_pinjaman": 0,
    "satuan_suku_bunga_pinjaman": 4,
    "id_jenis_pembayaran": 2,
    "id_frekuensi_pembayaran": 5,
    "nilai_angsuran": 44299900,
    "jangka_waktu_pinjaman": 120,
    "satuan_jangka_waktu_pinjaman": 1,
    "tgl_jatuh_tempo": "2017-07-06 08:01:54",
    "tgl_pendanaan": "2017-3-08",
    "tgl_penyaluran_dana": "2017-3-08",
    "no_ea_transaksi": "0838531291",
    "frekuensi_pinjaman": 1
  },
  {
    "id_penyelenggara": "810045",
    "id_pinjaman": "8",
    "id_borrower": "43",
    "id_lender": "78",
    "id_transaksi": "61",
    "no_perjanjian_lender": "",
    "tgl_perjanjian_lender": "",
    "nilai_pendanaan": 29100000,
    "suku_bunga_pinjaman": 0,
    "satuan_suku_bunga_pinjaman": 4,
    "id_jenis_pembayaran": 2,
    "id_frekuensi_pembayaran": 5,
    "nilai_angsuran": 29100000,
    "jangka_waktu_pinjaman": 180,
    "satuan_jangka_waktu_pinjaman": 1,
    "tgl_jatuh_tempo": "2017-09-04 08:01:54",
    "tgl_pendanaan": "2017-3-08",
    "tgl_penyaluran_dana": "2017-3-08",
    "no_ea_transaksi": "0838531291",
    "frekuensi_pinjaman": 1
  },
  {
    "id_penyelenggara": "810045",
    "id_pinjaman": "6",
    "id_borrower": "54",
    "id_lender": "78",
    "id_transaksi": "62",
    "no_perjanjian_lender": "",
    "tgl_perjanjian_lender": "",
    "nilai_pendanaan": 12647588,
    "suku_bunga_pinjaman": 0,
    "satuan_suku_bunga_pinjaman": 4,
    "id_jenis_pembayaran": 2,
    "id_frekuensi_pembayaran": 5,
    "nilai_angsuran": 12647588,
    "jangka_waktu_pinjaman": 180,
    "satuan_jangka_waktu_pinjaman": 1,
    "tgl_jatuh_tempo": "2017-09-04 08:01:54",
    "tgl_pendanaan": "2017-3-08",
    "tgl_penyaluran_dana": "2017-3-08",
    "no_ea_transaksi": "0838531291",
    "frekuensi_pinjaman": 1
  },
  {
    "id_penyelenggara": "810045",
    "id_pinjaman": "6",
    "id_borrower": "54",
    "id_lender": "68",
    "id_transaksi": "63",
    "no_perjanjian_lender": "",
    "tgl_perjanjian_lender": "",
    "nilai_pendanaan": 12647588,
    "suku_bunga_pinjaman": 0,
    "satuan_suku_bunga_pinjaman": 4,
    "id_jenis_pembayaran": 2,
    "id_frekuensi_pembayaran": 5,
    "nilai_angsuran": 12647588,
    "jangka_waktu_pinjaman": 180,
    "satuan_jangka_waktu_pinjaman": 1,
    "tgl_jatuh_tempo": "2017-09-04 08:01:54",
    "tgl_pendanaan": "2017-3-08",
    "tgl_penyaluran_dana": "2017-3-08",
    "no_ea_transaksi": "0838531291",
    "frekuensi_pinjaman": 1
  },
  {
    "id_penyelenggara": "810045",
    "id_pinjaman": "8",
    "id_borrower": "43",
    "id_lender": "68",
    "id_transaksi": "64",
    "no_perjanjian_lender": "",
    "tgl_perjanjian_lender": "",
    "nilai_pendanaan": 29100000,
    "suku_bunga_pinjaman": 0,
    "satuan_suku_bunga_pinjaman": 4,
    "id_jenis_pembayaran": 2,
    "id_frekuensi_pembayaran": 5,
    "nilai_angsuran": 29100000,
    "jangka_waktu_pinjaman": 180,
    "satuan_jangka_waktu_pinjaman": 1,
    "tgl_jatuh_tempo": "2017-09-04 08:01:54",
    "tgl_pendanaan": "2017-3-08",
    "tgl_penyaluran_dana": "2017-3-08",
    "no_ea_transaksi": "0838531291",
    "frekuensi_pinjaman": 1
  },
  {
    "id_penyelenggara": "810045",
    "id_pinjaman": "7",
    "id_borrower": "55",
    "id_lender": "68",
    "id_transaksi": "65",
    "no_perjanjian_lender": "",
    "tgl_perjanjian_lender": "",
    "nilai_pendanaan": 44299900,
    "suku_bunga_pinjaman": 0,
    "satuan_suku_bunga_pinjaman": 4,
    "id_jenis_pembayaran": 2,
    "id_frekuensi_pembayaran": 5,
    "nilai_angsuran": 44299900,
    "jangka_waktu_pinjaman": 120,
    "satuan_jangka_waktu_pinjaman": 1,
    "tgl_jatuh_tempo": "2017-07-06 08:01:54",
    "tgl_pendanaan": "2017-3-08",
    "tgl_penyaluran_dana": "2017-3-08",
    "no_ea_transaksi": "0838531291",
    "frekuensi_pinjaman": 1
  },
  {
    "id_penyelenggara": "810045",
    "id_pinjaman": "16",
    "id_borrower": "60",
    "id_lender": "68",
    "id_transaksi": "66",
    "no_perjanjian_lender": "",
    "tgl_perjanjian_lender": "",
    "nilai_pendanaan": 20000000,
    "suku_bunga_pinjaman": 0,
    "satuan_suku_bunga_pinjaman": 4,
    "id_jenis_pembayaran": 2,
    "id_frekuensi_pembayaran": 5,
    "nilai_angsuran": 20000000,
    "jangka_waktu_pinjaman": 180,
    "satuan_jangka_waktu_pinjaman": 1,
    "tgl_jatuh_tempo": "2017-09-04 08:01:54",
    "tgl_pendanaan": "2017-3-08",
    "tgl_penyaluran_dana": "2017-3-08",
    "no_ea_transaksi": "0838531291",
    "frekuensi_pinjaman": 1
  },
  {
    "id_penyelenggara": "810045",
    "id_pinjaman": "15",
    "id_borrower": "62",
    "id_lender": "68",
    "id_transaksi": "67",
    "no_perjanjian_lender": "",
    "tgl_perjanjian_lender": "",
    "nilai_pendanaan": 39000000,
    "suku_bunga_pinjaman": 0,
    "satuan_suku_bunga_pinjaman": 4,
    "id_jenis_pembayaran": 2,
    "id_frekuensi_pembayaran": 5,
    "nilai_angsuran": 39000000,
    "jangka_waktu_pinjaman": 180,
    "satuan_jangka_waktu_pinjaman": 1,
    "tgl_jatuh_tempo": "2017-09-04 08:01:54",
    "tgl_pendanaan": "2017-3-08",
    "tgl_penyaluran_dana": "2017-3-08",
    "no_ea_transaksi": "0838531291",
    "frekuensi_pinjaman": 1
  },
  {
    "id_penyelenggara": "810045",
    "id_pinjaman": "8",
    "id_borrower": "43",
    "id_lender": "79",
    "id_transaksi": "68",
    "no_perjanjian_lender": "",
    "tgl_perjanjian_lender": "",
    "nilai_pendanaan": 29100000,
    "suku_bunga_pinjaman": 0,
    "satuan_suku_bunga_pinjaman": 4,
    "id_jenis_pembayaran": 2,
    "id_frekuensi_pembayaran": 5,
    "nilai_angsuran": 29100000,
    "jangka_waktu_pinjaman": 180,
    "satuan_jangka_waktu_pinjaman": 1,
    "tgl_jatuh_tempo": "2017-09-04 08:01:55",
    "tgl_pendanaan": "2017-3-08",
    "tgl_penyaluran_dana": "2017-3-08",
    "no_ea_transaksi": "0838531291",
    "frekuensi_pinjaman": 1
  },
  {
    "id_penyelenggara": "810045",
    "id_pinjaman": "8",
    "id_borrower": "43",
    "id_lender": "69",
    "id_transaksi": "69",
    "no_perjanjian_lender": "",
    "tgl_perjanjian_lender": "",
    "nilai_pendanaan": 29100000,
    "suku_bunga_pinjaman": 0,
    "satuan_suku_bunga_pinjaman": 4,
    "id_jenis_pembayaran": 2,
    "id_frekuensi_pembayaran": 5,
    "nilai_angsuran": 29100000,
    "jangka_waktu_pinjaman": 180,
    "satuan_jangka_waktu_pinjaman": 1,
    "tgl_jatuh_tempo": "2017-09-08 08:45:07",
    "tgl_pendanaan": "2017-3-12",
    "tgl_penyaluran_dana": "2017-3-12",
    "no_ea_transaksi": "0838531291",
    "frekuensi_pinjaman": 1
  },
  {
    "id_penyelenggara": "810045",
    "id_pinjaman": "6",
    "id_borrower": "54",
    "id_lender": "69",
    "id_transaksi": "70",
    "no_perjanjian_lender": "",
    "tgl_perjanjian_lender": "",
    "nilai_pendanaan": 12647588,
    "suku_bunga_pinjaman": 0,
    "satuan_suku_bunga_pinjaman": 4,
    "id_jenis_pembayaran": 2,
    "id_frekuensi_pembayaran": 5,
    "nilai_angsuran": 12647588,
    "jangka_waktu_pinjaman": 180,
    "satuan_jangka_waktu_pinjaman": 1,
    "tgl_jatuh_tempo": "2017-09-08 08:45:07",
    "tgl_pendanaan": "2017-3-12",
    "tgl_penyaluran_dana": "2017-3-12",
    "no_ea_transaksi": "0838531291",
    "frekuensi_pinjaman": 1
  },
  {
    "id_penyelenggara": "810045",
    "id_pinjaman": "7",
    "id_borrower": "55",
    "id_lender": "69",
    "id_transaksi": "71",
    "no_perjanjian_lender": "",
    "tgl_perjanjian_lender": "",
    "nilai_pendanaan": 44299900,
    "suku_bunga_pinjaman": 0,
    "satuan_suku_bunga_pinjaman": 4,
    "id_jenis_pembayaran": 2,
    "id_frekuensi_pembayaran": 5,
    "nilai_angsuran": 44299900,
    "jangka_waktu_pinjaman": 120,
    "satuan_jangka_waktu_pinjaman": 1,
    "tgl_jatuh_tempo": "2017-07-10 08:45:07",
    "tgl_pendanaan": "2017-3-12",
    "tgl_penyaluran_dana": "2017-3-12",
    "no_ea_transaksi": "0838531291",
    "frekuensi_pinjaman": 1
  },
  {
    "id_penyelenggara": "810045",
    "id_pinjaman": "16",
    "id_borrower": "60",
    "id_lender": "69",
    "id_transaksi": "72",
    "no_perjanjian_lender": "",
    "tgl_perjanjian_lender": "",
    "nilai_pendanaan": 20000000,
    "suku_bunga_pinjaman": 0,
    "satuan_suku_bunga_pinjaman": 4,
    "id_jenis_pembayaran": 2,
    "id_frekuensi_pembayaran": 5,
    "nilai_angsuran": 20000000,
    "jangka_waktu_pinjaman": 180,
    "satuan_jangka_waktu_pinjaman": 1,
    "tgl_jatuh_tempo": "2017-09-08 08:45:07",
    "tgl_pendanaan": "2017-3-12",
    "tgl_penyaluran_dana": "2017-3-12",
    "no_ea_transaksi": "0838531291",
    "frekuensi_pinjaman": 1
  },
  {
    "id_penyelenggara": "810045",
    "id_pinjaman": "15",
    "id_borrower": "62",
    "id_lender": "69",
    "id_transaksi": "73",
    "no_perjanjian_lender": "",
    "tgl_perjanjian_lender": "",
    "nilai_pendanaan": 39000000,
    "suku_bunga_pinjaman": 0,
    "satuan_suku_bunga_pinjaman": 4,
    "id_jenis_pembayaran": 2,
    "id_frekuensi_pembayaran": 5,
    "nilai_angsuran": 39000000,
    "jangka_waktu_pinjaman": 180,
    "satuan_jangka_waktu_pinjaman": 1,
    "tgl_jatuh_tempo": "2017-09-08 08:45:07",
    "tgl_pendanaan": "2017-3-12",
    "tgl_penyaluran_dana": "2017-3-12",
    "no_ea_transaksi": "0838531291",
    "frekuensi_pinjaman": 1
  },
  {
    "id_penyelenggara": "810045",
    "id_pinjaman": "8",
    "id_borrower": "43",
    "id_lender": "80",
    "id_transaksi": "74",
    "no_perjanjian_lender": "",
    "tgl_perjanjian_lender": "",
    "nilai_pendanaan": 29100000,
    "suku_bunga_pinjaman": 0,
    "satuan_suku_bunga_pinjaman": 4,
    "id_jenis_pembayaran": 2,
    "id_frekuensi_pembayaran": 5,
    "nilai_angsuran": 29100000,
    "jangka_waktu_pinjaman": 180,
    "satuan_jangka_waktu_pinjaman": 1,
    "tgl_jatuh_tempo": "2017-09-04 08:01:55",
    "tgl_pendanaan": "2017-3-08",
    "tgl_penyaluran_dana": "2017-3-08",
    "no_ea_transaksi": "0838531291",
    "frekuensi_pinjaman": 1
  },
  {
    "id_penyelenggara": "810045",
    "id_pinjaman": "7",
    "id_borrower": "55",
    "id_lender": "70",
    "id_transaksi": "75",
    "no_perjanjian_lender": "",
    "tgl_perjanjian_lender": "",
    "nilai_pendanaan": 44299900,
    "suku_bunga_pinjaman": 0,
    "satuan_suku_bunga_pinjaman": 4,
    "id_jenis_pembayaran": 2,
    "id_frekuensi_pembayaran": 5,
    "nilai_angsuran": 44299900,
    "jangka_waktu_pinjaman": 120,
    "satuan_jangka_waktu_pinjaman": 1,
    "tgl_jatuh_tempo": "2017-07-10 08:45:29",
    "tgl_pendanaan": "2017-3-12",
    "tgl_penyaluran_dana": "2017-3-12",
    "no_ea_transaksi": "0838531291",
    "frekuensi_pinjaman": 1
  },
  {
    "id_penyelenggara": "810045",
    "id_pinjaman": "6",
    "id_borrower": "54",
    "id_lender": "70",
    "id_transaksi": "76",
    "no_perjanjian_lender": "",
    "tgl_perjanjian_lender": "",
    "nilai_pendanaan": 12647588,
    "suku_bunga_pinjaman": 0,
    "satuan_suku_bunga_pinjaman": 4,
    "id_jenis_pembayaran": 2,
    "id_frekuensi_pembayaran": 5,
    "nilai_angsuran": 12647588,
    "jangka_waktu_pinjaman": 180,
    "satuan_jangka_waktu_pinjaman": 1,
    "tgl_jatuh_tempo": "2017-09-08 08:45:29",
    "tgl_pendanaan": "2017-3-12",
    "tgl_penyaluran_dana": "2017-3-12",
    "no_ea_transaksi": "0838531291",
    "frekuensi_pinjaman": 1
  },
  {
    "id_penyelenggara": "810045",
    "id_pinjaman": "15",
    "id_borrower": "62",
    "id_lender": "71",
    "id_transaksi": "77",
    "no_perjanjian_lender": "",
    "tgl_perjanjian_lender": "",
    "nilai_pendanaan": 39000000,
    "suku_bunga_pinjaman": 0,
    "satuan_suku_bunga_pinjaman": 4,
    "id_jenis_pembayaran": 2,
    "id_frekuensi_pembayaran": 5,
    "nilai_angsuran": 39000000,
    "jangka_waktu_pinjaman": 180,
    "satuan_jangka_waktu_pinjaman": 1,
    "tgl_jatuh_tempo": "2017-09-04 08:01:55",
    "tgl_pendanaan": "2017-3-08",
    "tgl_penyaluran_dana": "2017-3-08",
    "no_ea_transaksi": "0838531291",
    "frekuensi_pinjaman": 1
  },
  {
    "id_penyelenggara": "810045",
    "id_pinjaman": "16",
    "id_borrower": "60",
    "id_lender": "71",
    "id_transaksi": "78",
    "no_perjanjian_lender": "",
    "tgl_perjanjian_lender": "",
    "nilai_pendanaan": 20000000,
    "suku_bunga_pinjaman": 0,
    "satuan_suku_bunga_pinjaman": 4,
    "id_jenis_pembayaran": 2,
    "id_frekuensi_pembayaran": 5,
    "nilai_angsuran": 20000000,
    "jangka_waktu_pinjaman": 180,
    "satuan_jangka_waktu_pinjaman": 1,
    "tgl_jatuh_tempo": "2017-09-04 08:01:55",
    "tgl_pendanaan": "2017-3-08",
    "tgl_penyaluran_dana": "2017-3-08",
    "no_ea_transaksi": "0838531291",
    "frekuensi_pinjaman": 1
  },
  {
    "id_penyelenggara": "810045",
    "id_pinjaman": "7",
    "id_borrower": "55",
    "id_lender": "71",
    "id_transaksi": "79",
    "no_perjanjian_lender": "",
    "tgl_perjanjian_lender": "",
    "nilai_pendanaan": 44299900,
    "suku_bunga_pinjaman": 0,
    "satuan_suku_bunga_pinjaman": 4,
    "id_jenis_pembayaran": 2,
    "id_frekuensi_pembayaran": 5,
    "nilai_angsuran": 44299900,
    "jangka_waktu_pinjaman": 120,
    "satuan_jangka_waktu_pinjaman": 1,
    "tgl_jatuh_tempo": "2017-07-06 08:01:55",
    "tgl_pendanaan": "2017-3-08",
    "tgl_penyaluran_dana": "2017-3-08",
    "no_ea_transaksi": "0838531291",
    "frekuensi_pinjaman": 1
  },
  {
    "id_penyelenggara": "810045",
    "id_pinjaman": "8",
    "id_borrower": "43",
    "id_lender": "71",
    "id_transaksi": "80",
    "no_perjanjian_lender": "",
    "tgl_perjanjian_lender": "",
    "nilai_pendanaan": 29100000,
    "suku_bunga_pinjaman": 0,
    "satuan_suku_bunga_pinjaman": 4,
    "id_jenis_pembayaran": 2,
    "id_frekuensi_pembayaran": 5,
    "nilai_angsuran": 29100000,
    "jangka_waktu_pinjaman": 180,
    "satuan_jangka_waktu_pinjaman": 1,
    "tgl_jatuh_tempo": "2017-09-04 08:01:55",
    "tgl_pendanaan": "2017-3-08",
    "tgl_penyaluran_dana": "2017-3-08",
    "no_ea_transaksi": "0838531291",
    "frekuensi_pinjaman": 1
  },
  {
    "id_penyelenggara": "810045",
    "id_pinjaman": "6",
    "id_borrower": "54",
    "id_lender": "71",
    "id_transaksi": "81",
    "no_perjanjian_lender": "",
    "tgl_perjanjian_lender": "",
    "nilai_pendanaan": 12647588,
    "suku_bunga_pinjaman": 0,
    "satuan_suku_bunga_pinjaman": 4,
    "id_jenis_pembayaran": 2,
    "id_frekuensi_pembayaran": 5,
    "nilai_angsuran": 12647588,
    "jangka_waktu_pinjaman": 180,
    "satuan_jangka_waktu_pinjaman": 1,
    "tgl_jatuh_tempo": "2017-09-04 08:01:55",
    "tgl_pendanaan": "2017-3-08",
    "tgl_penyaluran_dana": "2017-3-08",
    "no_ea_transaksi": "0838531291",
    "frekuensi_pinjaman": 1
  },
  {
    "id_penyelenggara": "810045",
    "id_pinjaman": "8",
    "id_borrower": "43",
    "id_lender": "72",
    "id_transaksi": "82",
    "no_perjanjian_lender": "",
    "tgl_perjanjian_lender": "",
    "nilai_pendanaan": 29100000,
    "suku_bunga_pinjaman": 0,
    "satuan_suku_bunga_pinjaman": 4,
    "id_jenis_pembayaran": 2,
    "id_frekuensi_pembayaran": 5,
    "nilai_angsuran": 29100000,
    "jangka_waktu_pinjaman": 180,
    "satuan_jangka_waktu_pinjaman": 1,
    "tgl_jatuh_tempo": "2017-09-04 08:01:56",
    "tgl_pendanaan": "2017-3-08",
    "tgl_penyaluran_dana": "2017-3-08",
    "no_ea_transaksi": "0838531291",
    "frekuensi_pinjaman": 1
  },
  {
    "id_penyelenggara": "810045",
    "id_pinjaman": "7",
    "id_borrower": "55",
    "id_lender": "72",
    "id_transaksi": "83",
    "no_perjanjian_lender": "",
    "tgl_perjanjian_lender": "",
    "nilai_pendanaan": 44299900,
    "suku_bunga_pinjaman": 0,
    "satuan_suku_bunga_pinjaman": 4,
    "id_jenis_pembayaran": 2,
    "id_frekuensi_pembayaran": 5,
    "nilai_angsuran": 44299900,
    "jangka_waktu_pinjaman": 120,
    "satuan_jangka_waktu_pinjaman": 1,
    "tgl_jatuh_tempo": "2017-07-06 08:01:56",
    "tgl_pendanaan": "2017-3-08",
    "tgl_penyaluran_dana": "2017-3-08",
    "no_ea_transaksi": "0838531291",
    "frekuensi_pinjaman": 1
  },
  {
    "id_penyelenggara": "810045",
    "id_pinjaman": "13",
    "id_borrower": "60",
    "id_lender": "81",
    "id_transaksi": "84",
    "no_perjanjian_lender": "",
    "tgl_perjanjian_lender": "",
    "nilai_pendanaan": 20000000,
    "suku_bunga_pinjaman": 0,
    "satuan_suku_bunga_pinjaman": 4,
    "id_jenis_pembayaran": 2,
    "id_frekuensi_pembayaran": 5,
    "nilai_angsuran": 20000000,
    "jangka_waktu_pinjaman": 180,
    "satuan_jangka_waktu_pinjaman": 1,
    "tgl_jatuh_tempo": "2017-09-04 08:01:56",
    "tgl_pendanaan": "2017-3-08",
    "tgl_penyaluran_dana": "2017-3-08",
    "no_ea_transaksi": "0838531291",
    "frekuensi_pinjaman": 1
  },
  {
    "id_penyelenggara": "810045",
    "id_pinjaman": "14",
    "id_borrower": "60",
    "id_lender": "81",
    "id_transaksi": "85",
    "no_perjanjian_lender": "",
    "tgl_perjanjian_lender": "",
    "nilai_pendanaan": 20000000,
    "suku_bunga_pinjaman": 0,
    "satuan_suku_bunga_pinjaman": 4,
    "id_jenis_pembayaran": 2,
    "id_frekuensi_pembayaran": 5,
    "nilai_angsuran": 20000000,
    "jangka_waktu_pinjaman": 180,
    "satuan_jangka_waktu_pinjaman": 1,
    "tgl_jatuh_tempo": "2017-09-04 08:01:56",
    "tgl_pendanaan": "2017-3-08",
    "tgl_penyaluran_dana": "2017-3-08",
    "no_ea_transaksi": "0838531291",
    "frekuensi_pinjaman": 1
  },
  {
    "id_penyelenggara": "810045",
    "id_pinjaman": "10",
    "id_borrower": "57",
    "id_lender": "81",
    "id_transaksi": "86",
    "no_perjanjian_lender": "",
    "tgl_perjanjian_lender": "",
    "nilai_pendanaan": 5000000,
    "suku_bunga_pinjaman": 0,
    "satuan_suku_bunga_pinjaman": 4,
    "id_jenis_pembayaran": 2,
    "id_frekuensi_pembayaran": 5,
    "nilai_angsuran": 5000000,
    "jangka_waktu_pinjaman": 180,
    "satuan_jangka_waktu_pinjaman": 1,
    "tgl_jatuh_tempo": "2017-09-04 08:01:56",
    "tgl_pendanaan": "2017-3-08",
    "tgl_penyaluran_dana": "2017-3-08",
    "no_ea_transaksi": "0838531291",
    "frekuensi_pinjaman": 1
  },
  {
    "id_penyelenggara": "810045",
    "id_pinjaman": "9",
    "id_borrower": "56",
    "id_lender": "81",
    "id_transaksi": "87",
    "no_perjanjian_lender": "",
    "tgl_perjanjian_lender": "",
    "nilai_pendanaan": 100000000,
    "suku_bunga_pinjaman": 0,
    "satuan_suku_bunga_pinjaman": 4,
    "id_jenis_pembayaran": 2,
    "id_frekuensi_pembayaran": 5,
    "nilai_angsuran": 100000000,
    "jangka_waktu_pinjaman": 180,
    "satuan_jangka_waktu_pinjaman": 1,
    "tgl_jatuh_tempo": "2017-09-04 08:01:56",
    "tgl_pendanaan": "2017-3-08",
    "tgl_penyaluran_dana": "2017-3-08",
    "no_ea_transaksi": "0838531291",
    "frekuensi_pinjaman": 0
  },
  {
    "id_penyelenggara": "810045",
    "id_pinjaman": "11",
    "id_borrower": "58",
    "id_lender": "81",
    "id_transaksi": "88",
    "no_perjanjian_lender": "",
    "tgl_perjanjian_lender": "",
    "nilai_pendanaan": 10233500,
    "suku_bunga_pinjaman": 0,
    "satuan_suku_bunga_pinjaman": 4,
    "id_jenis_pembayaran": 2,
    "id_frekuensi_pembayaran": 5,
    "nilai_angsuran": 10233500,
    "jangka_waktu_pinjaman": 210,
    "satuan_jangka_waktu_pinjaman": 1,
    "tgl_jatuh_tempo": "2017-10-04 08:01:56",
    "tgl_pendanaan": "2017-3-08",
    "tgl_penyaluran_dana": "2017-3-08",
    "no_ea_transaksi": "0838531291",
    "frekuensi_pinjaman": 1
  },
  {
    "id_penyelenggara": "810045",
    "id_pinjaman": "12",
    "id_borrower": "59",
    "id_lender": "81",
    "id_transaksi": "89",
    "no_perjanjian_lender": "",
    "tgl_perjanjian_lender": "",
    "nilai_pendanaan": 10000000,
    "suku_bunga_pinjaman": 0,
    "satuan_suku_bunga_pinjaman": 4,
    "id_jenis_pembayaran": 2,
    "id_frekuensi_pembayaran": 5,
    "nilai_angsuran": 10000000,
    "jangka_waktu_pinjaman": 180,
    "satuan_jangka_waktu_pinjaman": 1,
    "tgl_jatuh_tempo": "2017-09-04 08:01:56",
    "tgl_pendanaan": "2017-3-08",
    "tgl_penyaluran_dana": "2017-3-08",
    "no_ea_transaksi": "0838531291",
    "frekuensi_pinjaman": 1
  },
  {
    "id_penyelenggara": "810045",
    "id_pinjaman": "13",
    "id_borrower": "60",
    "id_lender": "82",
    "id_transaksi": "90",
    "no_perjanjian_lender": "",
    "tgl_perjanjian_lender": "",
    "nilai_pendanaan": 20000000,
    "suku_bunga_pinjaman": 0,
    "satuan_suku_bunga_pinjaman": 4,
    "id_jenis_pembayaran": 2,
    "id_frekuensi_pembayaran": 5,
    "nilai_angsuran": 20000000,
    "jangka_waktu_pinjaman": 180,
    "satuan_jangka_waktu_pinjaman": 1,
    "tgl_jatuh_tempo": "2017-09-04 08:01:56",
    "tgl_pendanaan": "2017-3-08",
    "tgl_penyaluran_dana": "2017-3-08",
    "no_ea_transaksi": "0838531291",
    "frekuensi_pinjaman": 1
  },
  {
    "id_penyelenggara": "810045",
    "id_pinjaman": "14",
    "id_borrower": "60",
    "id_lender": "82",
    "id_transaksi": "91",
    "no_perjanjian_lender": "",
    "tgl_perjanjian_lender": "",
    "nilai_pendanaan": 20000000,
    "suku_bunga_pinjaman": 0,
    "satuan_suku_bunga_pinjaman": 4,
    "id_jenis_pembayaran": 2,
    "id_frekuensi_pembayaran": 5,
    "nilai_angsuran": 20000000,
    "jangka_waktu_pinjaman": 180,
    "satuan_jangka_waktu_pinjaman": 1,
    "tgl_jatuh_tempo": "2017-09-04 08:01:56",
    "tgl_pendanaan": "2017-3-08",
    "tgl_penyaluran_dana": "2017-3-08",
    "no_ea_transaksi": "0838531291",
    "frekuensi_pinjaman": 1
  },
  {
    "id_penyelenggara": "810045",
    "id_pinjaman": "9",
    "id_borrower": "56",
    "id_lender": "82",
    "id_transaksi": "92",
    "no_perjanjian_lender": "",
    "tgl_perjanjian_lender": "",
    "nilai_pendanaan": 100000000,
    "suku_bunga_pinjaman": 0,
    "satuan_suku_bunga_pinjaman": 4,
    "id_jenis_pembayaran": 2,
    "id_frekuensi_pembayaran": 5,
    "nilai_angsuran": 100000000,
    "jangka_waktu_pinjaman": 180,
    "satuan_jangka_waktu_pinjaman": 1,
    "tgl_jatuh_tempo": "2017-09-04 08:01:56",
    "tgl_pendanaan": "2017-3-08",
    "tgl_penyaluran_dana": "2017-3-08",
    "no_ea_transaksi": "0838531291",
    "frekuensi_pinjaman": 0
  },
  {
    "id_penyelenggara": "810045",
    "id_pinjaman": "10",
    "id_borrower": "57",
    "id_lender": "82",
    "id_transaksi": "93",
    "no_perjanjian_lender": "",
    "tgl_perjanjian_lender": "",
    "nilai_pendanaan": 5000000,
    "suku_bunga_pinjaman": 0,
    "satuan_suku_bunga_pinjaman": 4,
    "id_jenis_pembayaran": 2,
    "id_frekuensi_pembayaran": 5,
    "nilai_angsuran": 5000000,
    "jangka_waktu_pinjaman": 180,
    "satuan_jangka_waktu_pinjaman": 1,
    "tgl_jatuh_tempo": "2017-09-04 08:01:56",
    "tgl_pendanaan": "2017-3-08",
    "tgl_penyaluran_dana": "2017-3-08",
    "no_ea_transaksi": "0838531291",
    "frekuensi_pinjaman": 1
  },
  {
    "id_penyelenggara": "810045",
    "id_pinjaman": "9999",
    "id_borrower": null,
    "id_lender": "82",
    "id_transaksi": "94",
    "no_perjanjian_lender": "",
    "tgl_perjanjian_lender": "",
    "nilai_pendanaan": null,
    "suku_bunga_pinjaman": null,
    "satuan_suku_bunga_pinjaman": 4,
    "id_jenis_pembayaran": 2,
    "id_frekuensi_pembayaran": 5,
    "nilai_angsuran": null,
    "jangka_waktu_pinjaman": null,
    "satuan_jangka_waktu_pinjaman": 1,
    "tgl_jatuh_tempo": null,
    "tgl_pendanaan": "2017-3-08",
    "tgl_penyaluran_dana": "2017-3-08",
    "no_ea_transaksi": "0838531291",
    "frekuensi_pinjaman": 0
  },
  {
    "id_penyelenggara": "810045",
    "id_pinjaman": "11",
    "id_borrower": "58",
    "id_lender": "82",
    "id_transaksi": "95",
    "no_perjanjian_lender": "",
    "tgl_perjanjian_lender": "",
    "nilai_pendanaan": 10233500,
    "suku_bunga_pinjaman": 0,
    "satuan_suku_bunga_pinjaman": 4,
    "id_jenis_pembayaran": 2,
    "id_frekuensi_pembayaran": 5,
    "nilai_angsuran": 10233500,
    "jangka_waktu_pinjaman": 210,
    "satuan_jangka_waktu_pinjaman": 1,
    "tgl_jatuh_tempo": "2017-10-04 08:01:56",
    "tgl_pendanaan": "2017-3-08",
    "tgl_penyaluran_dana": "2017-3-08",
    "no_ea_transaksi": "0838531291",
    "frekuensi_pinjaman": 1
  },
  {
    "id_penyelenggara": "810045",
    "id_pinjaman": "12",
    "id_borrower": "59",
    "id_lender": "82",
    "id_transaksi": "96",
    "no_perjanjian_lender": "",
    "tgl_perjanjian_lender": "",
    "nilai_pendanaan": 10000000,
    "suku_bunga_pinjaman": 0,
    "satuan_suku_bunga_pinjaman": 4,
    "id_jenis_pembayaran": 2,
    "id_frekuensi_pembayaran": 5,
    "nilai_angsuran": 10000000,
    "jangka_waktu_pinjaman": 180,
    "satuan_jangka_waktu_pinjaman": 1,
    "tgl_jatuh_tempo": "2017-09-04 08:01:56",
    "tgl_pendanaan": "2017-3-08",
    "tgl_penyaluran_dana": "2017-3-08",
    "no_ea_transaksi": "0838531291",
    "frekuensi_pinjaman": 1
  },
  {
    "id_penyelenggara": "810045",
    "id_pinjaman": "13",
    "id_borrower": "60",
    "id_lender": "50",
    "id_transaksi": "97",
    "no_perjanjian_lender": "",
    "tgl_perjanjian_lender": "",
    "nilai_pendanaan": 20000000,
    "suku_bunga_pinjaman": 0,
    "satuan_suku_bunga_pinjaman": 4,
    "id_jenis_pembayaran": 2,
    "id_frekuensi_pembayaran": 5,
    "nilai_angsuran": 20000000,
    "jangka_waktu_pinjaman": 180,
    "satuan_jangka_waktu_pinjaman": 1,
    "tgl_jatuh_tempo": "2017-09-04 08:01:56",
    "tgl_pendanaan": "2017-3-08",
    "tgl_penyaluran_dana": "2017-3-08",
    "no_ea_transaksi": "0838531291",
    "frekuensi_pinjaman": 1
  },
  {
    "id_penyelenggara": "810045",
    "id_pinjaman": "14",
    "id_borrower": "60",
    "id_lender": "50",
    "id_transaksi": "98",
    "no_perjanjian_lender": "",
    "tgl_perjanjian_lender": "",
    "nilai_pendanaan": 20000000,
    "suku_bunga_pinjaman": 0,
    "satuan_suku_bunga_pinjaman": 4,
    "id_jenis_pembayaran": 2,
    "id_frekuensi_pembayaran": 5,
    "nilai_angsuran": 20000000,
    "jangka_waktu_pinjaman": 180,
    "satuan_jangka_waktu_pinjaman": 1,
    "tgl_jatuh_tempo": "2017-09-04 08:01:56",
    "tgl_pendanaan": "2017-3-08",
    "tgl_penyaluran_dana": "2017-3-08",
    "no_ea_transaksi": "0838531291",
    "frekuensi_pinjaman": 1
  },
  {
    "id_penyelenggara": "810045",
    "id_pinjaman": "9",
    "id_borrower": "56",
    "id_lender": "50",
    "id_transaksi": "99",
    "no_perjanjian_lender": "",
    "tgl_perjanjian_lender": "",
    "nilai_pendanaan": 100000000,
    "suku_bunga_pinjaman": 0,
    "satuan_suku_bunga_pinjaman": 4,
    "id_jenis_pembayaran": 2,
    "id_frekuensi_pembayaran": 5,
    "nilai_angsuran": 100000000,
    "jangka_waktu_pinjaman": 180,
    "satuan_jangka_waktu_pinjaman": 1,
    "tgl_jatuh_tempo": "2017-09-04 08:01:56",
    "tgl_pendanaan": "2017-3-08",
    "tgl_penyaluran_dana": "2017-3-08",
    "no_ea_transaksi": "0838531291",
    "frekuensi_pinjaman": 0
  },
  {
    "id_penyelenggara": "810045",
    "id_pinjaman": "10",
    "id_borrower": "57",
    "id_lender": "50",
    "id_transaksi": "100",
    "no_perjanjian_lender": "",
    "tgl_perjanjian_lender": "",
    "nilai_pendanaan": 5000000,
    "suku_bunga_pinjaman": 0,
    "satuan_suku_bunga_pinjaman": 4,
    "id_jenis_pembayaran": 2,
    "id_frekuensi_pembayaran": 5,
    "nilai_angsuran": 5000000,
    "jangka_waktu_pinjaman": 180,
    "satuan_jangka_waktu_pinjaman": 1,
    "tgl_jatuh_tempo": "2017-09-04 08:01:56",
    "tgl_pendanaan": "2017-3-08",
    "tgl_penyaluran_dana": "2017-3-08",
    "no_ea_transaksi": "0838531291",
    "frekuensi_pinjaman": 1
  },
  {
    "id_penyelenggara": "810045",
    "id_pinjaman": "9999",
    "id_borrower": null,
    "id_lender": "50",
    "id_transaksi": "101",
    "no_perjanjian_lender": "",
    "tgl_perjanjian_lender": "",
    "nilai_pendanaan": null,
    "suku_bunga_pinjaman": null,
    "satuan_suku_bunga_pinjaman": 4,
    "id_jenis_pembayaran": 2,
    "id_frekuensi_pembayaran": 5,
    "nilai_angsuran": null,
    "jangka_waktu_pinjaman": null,
    "satuan_jangka_waktu_pinjaman": 1,
    "tgl_jatuh_tempo": null,
    "tgl_pendanaan": "2017-3-08",
    "tgl_penyaluran_dana": "2017-3-08",
    "no_ea_transaksi": "0838531291",
    "frekuensi_pinjaman": 0
  }
]